date,currency_pair,rate,timestamp
2023-01-01,USD/EUR,0.8542,16:00:00
2023-01-02,USD/EUR,0.8419,16:00:00
2023-01-03,USD/EUR,0.8507,16:00:00
2023-01-04,USD/EUR,0.8501,16:00:00
2023-01-05,USD/EUR,0.8548,16:00:00
2023-01-06,USD/EUR,0.8503,16:00:00
2023-01-07,USD/EUR,0.8529,16:00:00
2023-01-08,USD/EUR,0.8484,16:00:00
2023-01-09,USD/EUR,0.8458,16:00:00
2023-01-10,USD/EUR,0.8539,16:00:00
2023-01-11,USD/EUR,0.853,16:00:00
2023-01-12,USD/EUR,0.8539,16:00:00
2023-01-13,USD/EUR,0.8575,16:00:00
2023-01-14,USD/EUR,0.8596,16:00:00
2023-01-15,USD/EUR,0.8601,16:00:00
2023-01-16,USD/EUR,0.8616,16:00:00
2023-01-17,USD/EUR,0.8717,16:00:00
2023-01-18,USD/EUR,0.8712,16:00:00
2023-01-19,USD/EUR,0.8719,16:00:00
2023-01-20,USD/EUR,0.8762,16:00:00
2023-01-21,USD/EUR,0.8807,16:00:00
2023-01-22,USD/EUR,0.8856,16:00:00
2023-01-23,USD/EUR,0.8881,16:00:00
2023-01-24,USD/EUR,0.8827,16:00:00
2023-01-25,USD/EUR,0.8895,16:00:00
2023-01-26,USD/EUR,0.884,16:00:00
2023-01-27,USD/EUR,0.885,16:00:00
2023-01-28,USD/EUR,0.8814,16:00:00
2023-01-29,USD/EUR,0.8808,16:00:00
2023-01-30,USD/EUR,0.8819,16:00:00
2023-01-31,USD/EUR,0.883,16:00:00
2023-02-01,USD/EUR,0.8845,16:00:00
2023-02-02,USD/EUR,0.8912,16:00:00
2023-02-03,USD/EUR,0.8928,16:00:00
2023-02-04,USD/EUR,0.8913,16:00:00
2023-02-05,USD/EUR,0.8951,16:00:00
2023-02-06,USD/EUR,0.8999,16:00:00
2023-02-07,USD/EUR,0.894,16:00:00
2023-02-08,USD/EUR,0.8962,16:00:00
2023-02-09,USD/EUR,0.8988,16:00:00
2023-02-10,USD/EUR,0.897,16:00:00
2023-02-11,USD/EUR,0.9027,16:00:00
2023-02-12,USD/EUR,0.9015,16:00:00
2023-02-13,USD/EUR,0.9015,16:00:00
2023-02-14,USD/EUR,0.9002,16:00:00
2023-02-15,USD/EUR,0.8998,16:00:00
2023-02-16,USD/EUR,0.8944,16:00:00
2023-02-17,USD/EUR,0.8876,16:00:00
2023-02-18,USD/EUR,0.8942,16:00:00
2023-02-19,USD/EUR,0.89,16:00:00
2023-02-20,USD/EUR,0.8853,16:00:00
2023-02-21,USD/EUR,0.8755,16:00:00
2023-02-22,USD/EUR,0.8724,16:00:00
2023-02-23,USD/EUR,0.8665,16:00:00
2023-02-24,USD/EUR,0.8734,16:00:00
2023-02-25,USD/EUR,0.8775,16:00:00
2023-02-26,USD/EUR,0.8742,16:00:00
2023-02-27,USD/EUR,0.8838,16:00:00
2023-02-28,USD/EUR,0.8877,16:00:00
2023-03-01,USD/EUR,0.8859,16:00:00
2023-03-02,USD/EUR,0.8746,16:00:00
2023-03-03,USD/EUR,0.8843,16:00:00
2023-03-04,USD/EUR,0.8778,16:00:00
2023-03-05,USD/EUR,0.8704,16:00:00
2023-03-06,USD/EUR,0.8746,16:00:00
2023-03-07,USD/EUR,0.8849,16:00:00
2023-03-08,USD/EUR,0.8906,16:00:00
2023-03-09,USD/EUR,0.8927,16:00:00
2023-03-10,USD/EUR,0.8949,16:00:00
2023-03-11,USD/EUR,0.8982,16:00:00
2023-03-12,USD/EUR,0.9011,16:00:00
2023-03-13,USD/EUR,0.9019,16:00:00
2023-03-14,USD/EUR,0.9018,16:00:00
2023-03-15,USD/EUR,0.901,16:00:00
2023-03-16,USD/EUR,0.8972,16:00:00
2023-03-17,USD/EUR,0.8954,16:00:00
2023-03-18,USD/EUR,0.8875,16:00:00
2023-03-19,USD/EUR,0.8867,16:00:00
2023-03-20,USD/EUR,0.882,16:00:00
2023-03-21,USD/EUR,0.8768,16:00:00
2023-03-22,USD/EUR,0.8773,16:00:00
2023-03-23,USD/EUR,0.8831,16:00:00
2023-03-24,USD/EUR,0.8868,16:00:00
2023-03-25,USD/EUR,0.8795,16:00:00
2023-03-26,USD/EUR,0.8749,16:00:00
2023-03-27,USD/EUR,0.8788,16:00:00
2023-03-28,USD/EUR,0.8742,16:00:00
2023-03-29,USD/EUR,0.873,16:00:00
2023-03-30,USD/EUR,0.8751,16:00:00
2023-03-31,USD/EUR,0.8707,16:00:00
2023-04-01,USD/EUR,0.8709,16:00:00
2023-04-02,USD/EUR,0.865,16:00:00
2023-04-03,USD/EUR,0.8622,16:00:00
2023-04-04,USD/EUR,0.8635,16:00:00
2023-04-05,USD/EUR,0.8565,16:00:00
2023-04-06,USD/EUR,0.8583,16:00:00
2023-04-07,USD/EUR,0.8582,16:00:00
2023-04-08,USD/EUR,0.8604,16:00:00
2023-04-09,USD/EUR,0.8613,16:00:00
2023-04-10,USD/EUR,0.867,16:00:00
2023-04-11,USD/EUR,0.8674,16:00:00
2023-04-12,USD/EUR,0.8653,16:00:00
2023-04-13,USD/EUR,0.8657,16:00:00
2023-04-14,USD/EUR,0.8679,16:00:00
2023-04-15,USD/EUR,0.8679,16:00:00
2023-04-16,USD/EUR,0.8679,16:00:00
2023-04-17,USD/EUR,0.8647,16:00:00
2023-04-18,USD/EUR,0.8617,16:00:00
2023-04-19,USD/EUR,0.8556,16:00:00
2023-04-20,USD/EUR,0.863,16:00:00
2023-04-21,USD/EUR,0.8575,16:00:00
2023-04-22,USD/EUR,0.8545,16:00:00
2023-04-23,USD/EUR,0.8514,16:00:00
2023-04-24,USD/EUR,0.8552,16:00:00
2023-04-25,USD/EUR,0.8539,16:00:00
2023-04-26,USD/EUR,0.8591,16:00:00
2023-04-27,USD/EUR,0.8562,16:00:00
2023-04-28,USD/EUR,0.8573,16:00:00
2023-04-29,USD/EUR,0.8537,16:00:00
2023-04-30,USD/EUR,0.8627,16:00:00
2023-05-01,USD/EUR,0.8575,16:00:00
2023-05-02,USD/EUR,0.8588,16:00:00
2023-05-03,USD/EUR,0.8614,16:00:00
2023-05-04,USD/EUR,0.863,16:00:00
2023-05-05,USD/EUR,0.8621,16:00:00
2023-05-06,USD/EUR,0.8614,16:00:00
2023-05-07,USD/EUR,0.8615,16:00:00
2023-05-08,USD/EUR,0.8607,16:00:00
2023-05-09,USD/EUR,0.8647,16:00:00
2023-05-10,USD/EUR,0.8741,16:00:00
2023-05-11,USD/EUR,0.8714,16:00:00
2023-05-12,USD/EUR,0.8653,16:00:00
2023-05-13,USD/EUR,0.8648,16:00:00
2023-05-14,USD/EUR,0.8756,16:00:00
2023-05-15,USD/EUR,0.8719,16:00:00
2023-05-16,USD/EUR,0.8788,16:00:00
2023-05-17,USD/EUR,0.8858,16:00:00
2023-05-18,USD/EUR,0.883,16:00:00
2023-05-19,USD/EUR,0.8851,16:00:00
2023-05-20,USD/EUR,0.8919,16:00:00
2023-05-21,USD/EUR,0.8898,16:00:00
2023-05-22,USD/EUR,0.8885,16:00:00
2023-05-23,USD/EUR,0.8856,16:00:00
2023-05-24,USD/EUR,0.8808,16:00:00
2023-05-25,USD/EUR,0.8777,16:00:00
2023-05-26,USD/EUR,0.8721,16:00:00
2023-05-27,USD/EUR,0.872,16:00:00
2023-05-28,USD/EUR,0.8684,16:00:00
2023-05-29,USD/EUR,0.8693,16:00:00
2023-05-30,USD/EUR,0.8624,16:00:00
2023-05-31,USD/EUR,0.8637,16:00:00
2023-06-01,USD/EUR,0.8671,16:00:00
2023-06-02,USD/EUR,0.8584,16:00:00
2023-06-03,USD/EUR,0.8599,16:00:00
2023-06-04,USD/EUR,0.865,16:00:00
2023-06-05,USD/EUR,0.8597,16:00:00
2023-06-06,USD/EUR,0.8667,16:00:00
2023-06-07,USD/EUR,0.8683,16:00:00
2023-06-08,USD/EUR,0.8651,16:00:00
2023-06-09,USD/EUR,0.8647,16:00:00
2023-06-10,USD/EUR,0.867,16:00:00
2023-06-11,USD/EUR,0.8671,16:00:00
2023-06-12,USD/EUR,0.8693,16:00:00
2023-06-13,USD/EUR,0.8651,16:00:00
2023-06-14,USD/EUR,0.8657,16:00:00
2023-06-15,USD/EUR,0.8595,16:00:00
2023-06-16,USD/EUR,0.8589,16:00:00
2023-06-17,USD/EUR,0.855,16:00:00
2023-06-18,USD/EUR,0.8518,16:00:00
2023-06-19,USD/EUR,0.857,16:00:00
2023-06-20,USD/EUR,0.8616,16:00:00
2023-06-21,USD/EUR,0.864,16:00:00
2023-06-22,USD/EUR,0.8592,16:00:00
2023-06-23,USD/EUR,0.8578,16:00:00
2023-06-24,USD/EUR,0.8629,16:00:00
2023-06-25,USD/EUR,0.8633,16:00:00
2023-06-26,USD/EUR,0.8731,16:00:00
2023-06-27,USD/EUR,0.8746,16:00:00
2023-06-28,USD/EUR,0.8752,16:00:00
2023-06-29,USD/EUR,0.8736,16:00:00
2023-06-30,USD/EUR,0.8739,16:00:00
2023-07-01,USD/EUR,0.873,16:00:00
2023-07-02,USD/EUR,0.8758,16:00:00
2023-07-03,USD/EUR,0.8797,16:00:00
2023-07-04,USD/EUR,0.876,16:00:00
2023-07-05,USD/EUR,0.87,16:00:00
2023-07-06,USD/EUR,0.8619,16:00:00
2023-07-07,USD/EUR,0.8639,16:00:00
2023-07-08,USD/EUR,0.8591,16:00:00
2023-07-09,USD/EUR,0.8498,16:00:00
2023-07-10,USD/EUR,0.8515,16:00:00
2023-07-11,USD/EUR,0.862,16:00:00
2023-07-12,USD/EUR,0.8618,16:00:00
2023-07-13,USD/EUR,0.8653,16:00:00
2023-07-14,USD/EUR,0.8655,16:00:00
2023-07-15,USD/EUR,0.8649,16:00:00
2023-07-16,USD/EUR,0.8687,16:00:00
2023-07-17,USD/EUR,0.8672,16:00:00
2023-07-18,USD/EUR,0.8682,16:00:00
2023-07-19,USD/EUR,0.8694,16:00:00
2023-07-20,USD/EUR,0.8663,16:00:00
2023-07-21,USD/EUR,0.8704,16:00:00
2023-07-22,USD/EUR,0.8695,16:00:00
2023-07-23,USD/EUR,0.866,16:00:00
2023-07-24,USD/EUR,0.8682,16:00:00
2023-07-25,USD/EUR,0.8641,16:00:00
2023-07-26,USD/EUR,0.8641,16:00:00
2023-07-27,USD/EUR,0.8639,16:00:00
2023-07-28,USD/EUR,0.8684,16:00:00
2023-07-29,USD/EUR,0.8703,16:00:00
2023-07-30,USD/EUR,0.87,16:00:00
2023-07-31,USD/EUR,0.8733,16:00:00
2023-08-01,USD/EUR,0.8791,16:00:00
2023-08-02,USD/EUR,0.8812,16:00:00
2023-08-03,USD/EUR,0.8809,16:00:00
2023-08-04,USD/EUR,0.8749,16:00:00
2023-08-05,USD/EUR,0.8701,16:00:00
2023-08-06,USD/EUR,0.8685,16:00:00
2023-08-07,USD/EUR,0.8657,16:00:00
2023-08-08,USD/EUR,0.8648,16:00:00
2023-08-09,USD/EUR,0.8649,16:00:00
2023-08-10,USD/EUR,0.867,16:00:00
2023-08-11,USD/EUR,0.8665,16:00:00
2023-08-12,USD/EUR,0.8684,16:00:00
2023-08-13,USD/EUR,0.8685,16:00:00
2023-08-14,USD/EUR,0.8598,16:00:00
2023-08-15,USD/EUR,0.8558,16:00:00
2023-08-16,USD/EUR,0.8551,16:00:00
2023-08-17,USD/EUR,0.8499,16:00:00
2023-08-18,USD/EUR,0.8524,16:00:00
2023-08-19,USD/EUR,0.8589,16:00:00
2023-08-20,USD/EUR,0.864,16:00:00
2023-08-21,USD/EUR,0.8629,16:00:00
2023-08-22,USD/EUR,0.8692,16:00:00
2023-08-23,USD/EUR,0.8696,16:00:00
2023-08-24,USD/EUR,0.868,16:00:00
2023-08-25,USD/EUR,0.8651,16:00:00
2023-08-26,USD/EUR,0.8637,16:00:00
2023-08-27,USD/EUR,0.8619,16:00:00
2023-08-28,USD/EUR,0.8625,16:00:00
2023-08-29,USD/EUR,0.8631,16:00:00
2023-08-30,USD/EUR,0.8629,16:00:00
2023-08-31,USD/EUR,0.8647,16:00:00
2023-09-01,USD/EUR,0.8696,16:00:00
2023-09-02,USD/EUR,0.8735,16:00:00
2023-09-03,USD/EUR,0.8669,16:00:00
2023-09-04,USD/EUR,0.8557,16:00:00
2023-09-05,USD/EUR,0.8596,16:00:00
2023-09-06,USD/EUR,0.8537,16:00:00
2023-09-07,USD/EUR,0.8527,16:00:00
2023-09-08,USD/EUR,0.8478,16:00:00
2023-09-09,USD/EUR,0.8402,16:00:00
2023-09-10,USD/EUR,0.8426,16:00:00
2023-09-11,USD/EUR,0.8458,16:00:00
2023-09-12,USD/EUR,0.8435,16:00:00
2023-09-13,USD/EUR,0.8327,16:00:00
2023-09-14,USD/EUR,0.8306,16:00:00
2023-09-15,USD/EUR,0.8324,16:00:00
2023-09-16,USD/EUR,0.8265,16:00:00
2023-09-17,USD/EUR,0.8275,16:00:00
2023-09-18,USD/EUR,0.8277,16:00:00
2023-09-19,USD/EUR,0.8303,16:00:00
2023-09-20,USD/EUR,0.8309,16:00:00
2023-09-21,USD/EUR,0.8271,16:00:00
2023-09-22,USD/EUR,0.8323,16:00:00
2023-09-23,USD/EUR,0.8318,16:00:00
2023-09-24,USD/EUR,0.8319,16:00:00
2023-09-25,USD/EUR,0.8282,16:00:00
2023-09-26,USD/EUR,0.8266,16:00:00
2023-09-27,USD/EUR,0.8232,16:00:00
2023-09-28,USD/EUR,0.8228,16:00:00
2023-09-29,USD/EUR,0.83,16:00:00
2023-09-30,USD/EUR,0.8246,16:00:00
2023-10-01,USD/EUR,0.8182,16:00:00
2023-10-02,USD/EUR,0.8245,16:00:00
2023-10-03,USD/EUR,0.8239,16:00:00
2023-10-04,USD/EUR,0.8215,16:00:00
2023-10-05,USD/EUR,0.826,16:00:00
2023-10-06,USD/EUR,0.8237,16:00:00
2023-10-07,USD/EUR,0.8314,16:00:00
2023-10-08,USD/EUR,0.8344,16:00:00
2023-10-09,USD/EUR,0.8326,16:00:00
2023-10-10,USD/EUR,0.8416,16:00:00
2023-10-11,USD/EUR,0.8392,16:00:00
2023-10-12,USD/EUR,0.8424,16:00:00
2023-10-13,USD/EUR,0.8437,16:00:00
2023-10-14,USD/EUR,0.8492,16:00:00
2023-10-15,USD/EUR,0.8558,16:00:00
2023-10-16,USD/EUR,0.8558,16:00:00
2023-10-17,USD/EUR,0.8526,16:00:00
2023-10-18,USD/EUR,0.8545,16:00:00
2023-10-19,USD/EUR,0.8516,16:00:00
2023-10-20,USD/EUR,0.8601,16:00:00
2023-10-21,USD/EUR,0.8605,16:00:00
2023-10-22,USD/EUR,0.8589,16:00:00
2023-10-23,USD/EUR,0.8596,16:00:00
2023-10-24,USD/EUR,0.8538,16:00:00
2023-10-25,USD/EUR,0.8496,16:00:00
2023-10-26,USD/EUR,0.8547,16:00:00
2023-10-27,USD/EUR,0.8518,16:00:00
2023-10-28,USD/EUR,0.8474,16:00:00
2023-10-29,USD/EUR,0.8497,16:00:00
2023-10-30,USD/EUR,0.8547,16:00:00
2023-10-31,USD/EUR,0.8577,16:00:00
2023-11-01,USD/EUR,0.8618,16:00:00
2023-11-02,USD/EUR,0.8585,16:00:00
2023-11-03,USD/EUR,0.8523,16:00:00
2023-11-04,USD/EUR,0.8587,16:00:00
2023-11-05,USD/EUR,0.8572,16:00:00
2023-11-06,USD/EUR,0.8561,16:00:00
2023-11-07,USD/EUR,0.8616,16:00:00
2023-11-08,USD/EUR,0.8639,16:00:00
2023-11-09,USD/EUR,0.8657,16:00:00
2023-11-10,USD/EUR,0.8748,16:00:00
2023-11-11,USD/EUR,0.8718,16:00:00
2023-11-12,USD/EUR,0.8756,16:00:00
2023-11-13,USD/EUR,0.8756,16:00:00
2023-11-14,USD/EUR,0.8765,16:00:00
2023-11-15,USD/EUR,0.8828,16:00:00
2023-11-16,USD/EUR,0.8847,16:00:00
2023-11-17,USD/EUR,0.8867,16:00:00
2023-11-18,USD/EUR,0.8911,16:00:00
2023-11-19,USD/EUR,0.8891,16:00:00
2023-11-20,USD/EUR,0.885,16:00:00
2023-11-21,USD/EUR,0.88,16:00:00
2023-11-22,USD/EUR,0.8712,16:00:00
2023-11-23,USD/EUR,0.8798,16:00:00
2023-11-24,USD/EUR,0.8747,16:00:00
2023-11-25,USD/EUR,0.8735,16:00:00
2023-11-26,USD/EUR,0.8721,16:00:00
2023-11-27,USD/EUR,0.8732,16:00:00
2023-11-28,USD/EUR,0.8765,16:00:00
2023-11-29,USD/EUR,0.88,16:00:00
2023-11-30,USD/EUR,0.8771,16:00:00
2023-12-01,USD/EUR,0.8761,16:00:00
2023-12-02,USD/EUR,0.8771,16:00:00
2023-12-03,USD/EUR,0.8757,16:00:00
2023-12-04,USD/EUR,0.8825,16:00:00
2023-12-05,USD/EUR,0.8843,16:00:00
2023-12-06,USD/EUR,0.8871,16:00:00
2023-12-07,USD/EUR,0.8897,16:00:00
2023-12-08,USD/EUR,0.8945,16:00:00
2023-12-09,USD/EUR,0.8948,16:00:00
2023-12-10,USD/EUR,0.8886,16:00:00
2023-12-11,USD/EUR,0.89,16:00:00
2023-12-12,USD/EUR,0.8867,16:00:00
2023-12-13,USD/EUR,0.884,16:00:00
2023-12-14,USD/EUR,0.8863,16:00:00
2023-12-15,USD/EUR,0.8913,16:00:00
2023-12-16,USD/EUR,0.891,16:00:00
2023-12-17,USD/EUR,0.892,16:00:00
2023-12-18,USD/EUR,0.8991,16:00:00
2023-12-19,USD/EUR,0.8996,16:00:00
2023-12-20,USD/EUR,0.9107,16:00:00
2023-12-21,USD/EUR,0.9127,16:00:00
2023-12-22,USD/EUR,0.9041,16:00:00
2023-12-23,USD/EUR,0.9069,16:00:00
2023-12-24,USD/EUR,0.9081,16:00:00
2023-12-25,USD/EUR,0.9133,16:00:00
2023-12-26,USD/EUR,0.9157,16:00:00
2023-12-27,USD/EUR,0.9144,16:00:00
2023-12-28,USD/EUR,0.9082,16:00:00
2023-12-29,USD/EUR,0.9067,16:00:00
2023-12-30,USD/EUR,0.9023,16:00:00
2023-12-31,USD/EUR,0.8992,16:00:00
2023-01-01,USD/GBP,0.7321,16:00:00
2023-01-02,USD/GBP,0.7382,16:00:00
2023-01-03,USD/GBP,0.7395,16:00:00
2023-01-04,USD/GBP,0.735,16:00:00
2023-01-05,USD/GBP,0.7366,16:00:00
2023-01-06,USD/GBP,0.7409,16:00:00
2023-01-07,USD/GBP,0.7386,16:00:00
2023-01-08,USD/GBP,0.738,16:00:00
2023-01-09,USD/GBP,0.738,16:00:00
2023-01-10,USD/GBP,0.735,16:00:00
2023-01-11,USD/GBP,0.7373,16:00:00
2023-01-12,USD/GBP,0.7368,16:00:00
2023-01-13,USD/GBP,0.7383,16:00:00
2023-01-14,USD/GBP,0.7349,16:00:00
2023-01-15,USD/GBP,0.7333,16:00:00
2023-01-16,USD/GBP,0.7359,16:00:00
2023-01-17,USD/GBP,0.7345,16:00:00
2023-01-18,USD/GBP,0.7407,16:00:00
2023-01-19,USD/GBP,0.7391,16:00:00
2023-01-20,USD/GBP,0.7399,16:00:00
2023-01-21,USD/GBP,0.7432,16:00:00
2023-01-22,USD/GBP,0.7378,16:00:00
2023-01-23,USD/GBP,0.7313,16:00:00
2023-01-24,USD/GBP,0.7258,16:00:00
2023-01-25,USD/GBP,0.7304,16:00:00
2023-01-26,USD/GBP,0.7284,16:00:00
2023-01-27,USD/GBP,0.7376,16:00:00
2023-01-28,USD/GBP,0.7355,16:00:00
2023-01-29,USD/GBP,0.7361,16:00:00
2023-01-30,USD/GBP,0.7416,16:00:00
2023-01-31,USD/GBP,0.7489,16:00:00
2023-02-01,USD/GBP,0.7563,16:00:00
2023-02-02,USD/GBP,0.7606,16:00:00
2023-02-03,USD/GBP,0.7642,16:00:00
2023-02-04,USD/GBP,0.7661,16:00:00
2023-02-05,USD/GBP,0.7686,16:00:00
2023-02-06,USD/GBP,0.7662,16:00:00
2023-02-07,USD/GBP,0.7627,16:00:00
2023-02-08,USD/GBP,0.7624,16:00:00
2023-02-09,USD/GBP,0.7614,16:00:00
2023-02-10,USD/GBP,0.7594,16:00:00
2023-02-11,USD/GBP,0.7617,16:00:00
2023-02-12,USD/GBP,0.765,16:00:00
2023-02-13,USD/GBP,0.765,16:00:00
2023-02-14,USD/GBP,0.7702,16:00:00
2023-02-15,USD/GBP,0.7655,16:00:00
2023-02-16,USD/GBP,0.7644,16:00:00
2023-02-17,USD/GBP,0.7613,16:00:00
2023-02-18,USD/GBP,0.754,16:00:00
2023-02-19,USD/GBP,0.7534,16:00:00
2023-02-20,USD/GBP,0.7527,16:00:00
2023-02-21,USD/GBP,0.7581,16:00:00
2023-02-22,USD/GBP,0.7602,16:00:00
2023-02-23,USD/GBP,0.7561,16:00:00
2023-02-24,USD/GBP,0.7627,16:00:00
2023-02-25,USD/GBP,0.767,16:00:00
2023-02-26,USD/GBP,0.7689,16:00:00
2023-02-27,USD/GBP,0.7676,16:00:00
2023-02-28,USD/GBP,0.7636,16:00:00
2023-03-01,USD/GBP,0.7619,16:00:00
2023-03-02,USD/GBP,0.7656,16:00:00
2023-03-03,USD/GBP,0.7724,16:00:00
2023-03-04,USD/GBP,0.7779,16:00:00
2023-03-05,USD/GBP,0.7755,16:00:00
2023-03-06,USD/GBP,0.7708,16:00:00
2023-03-07,USD/GBP,0.7709,16:00:00
2023-03-08,USD/GBP,0.7638,16:00:00
2023-03-09,USD/GBP,0.7646,16:00:00
2023-03-10,USD/GBP,0.7637,16:00:00
2023-03-11,USD/GBP,0.7616,16:00:00
2023-03-12,USD/GBP,0.7553,16:00:00
2023-03-13,USD/GBP,0.757,16:00:00
2023-03-14,USD/GBP,0.7547,16:00:00
2023-03-15,USD/GBP,0.7501,16:00:00
2023-03-16,USD/GBP,0.7392,16:00:00
2023-03-17,USD/GBP,0.739,16:00:00
2023-03-18,USD/GBP,0.7454,16:00:00
2023-03-19,USD/GBP,0.7514,16:00:00
2023-03-20,USD/GBP,0.7495,16:00:00
2023-03-21,USD/GBP,0.7471,16:00:00
2023-03-22,USD/GBP,0.7486,16:00:00
2023-03-23,USD/GBP,0.7447,16:00:00
2023-03-24,USD/GBP,0.7457,16:00:00
2023-03-25,USD/GBP,0.7484,16:00:00
2023-03-26,USD/GBP,0.7527,16:00:00
2023-03-27,USD/GBP,0.7521,16:00:00
2023-03-28,USD/GBP,0.7512,16:00:00
2023-03-29,USD/GBP,0.7477,16:00:00
2023-03-30,USD/GBP,0.7444,16:00:00
2023-03-31,USD/GBP,0.7435,16:00:00
2023-04-01,USD/GBP,0.7447,16:00:00
2023-04-02,USD/GBP,0.7479,16:00:00
2023-04-03,USD/GBP,0.7448,16:00:00
2023-04-04,USD/GBP,0.7501,16:00:00
2023-04-05,USD/GBP,0.7489,16:00:00
2023-04-06,USD/GBP,0.7486,16:00:00
2023-04-07,USD/GBP,0.7457,16:00:00
2023-04-08,USD/GBP,0.7366,16:00:00
2023-04-09,USD/GBP,0.7397,16:00:00
2023-04-10,USD/GBP,0.7423,16:00:00
2023-04-11,USD/GBP,0.7412,16:00:00
2023-04-12,USD/GBP,0.7413,16:00:00
2023-04-13,USD/GBP,0.7431,16:00:00
2023-04-14,USD/GBP,0.7372,16:00:00
2023-04-15,USD/GBP,0.7352,16:00:00
2023-04-16,USD/GBP,0.738,16:00:00
2023-04-17,USD/GBP,0.7334,16:00:00
2023-04-18,USD/GBP,0.7344,16:00:00
2023-04-19,USD/GBP,0.7294,16:00:00
2023-04-20,USD/GBP,0.7311,16:00:00
2023-04-21,USD/GBP,0.731,16:00:00
2023-04-22,USD/GBP,0.7251,16:00:00
2023-04-23,USD/GBP,0.7294,16:00:00
2023-04-24,USD/GBP,0.7267,16:00:00
2023-04-25,USD/GBP,0.7238,16:00:00
2023-04-26,USD/GBP,0.7246,16:00:00
2023-04-27,USD/GBP,0.7288,16:00:00
2023-04-28,USD/GBP,0.7251,16:00:00
2023-04-29,USD/GBP,0.7254,16:00:00
2023-04-30,USD/GBP,0.727,16:00:00
2023-05-01,USD/GBP,0.7295,16:00:00
2023-05-02,USD/GBP,0.7302,16:00:00
2023-05-03,USD/GBP,0.7288,16:00:00
2023-05-04,USD/GBP,0.7259,16:00:00
2023-05-05,USD/GBP,0.7262,16:00:00
2023-05-06,USD/GBP,0.7224,16:00:00
2023-05-07,USD/GBP,0.712,16:00:00
2023-05-08,USD/GBP,0.7137,16:00:00
2023-05-09,USD/GBP,0.7171,16:00:00
2023-05-10,USD/GBP,0.7088,16:00:00
2023-05-11,USD/GBP,0.7055,16:00:00
2023-05-12,USD/GBP,0.7079,16:00:00
2023-05-13,USD/GBP,0.7153,16:00:00
2023-05-14,USD/GBP,0.7156,16:00:00
2023-05-15,USD/GBP,0.7131,16:00:00
2023-05-16,USD/GBP,0.7127,16:00:00
2023-05-17,USD/GBP,0.7177,16:00:00
2023-05-18,USD/GBP,0.7155,16:00:00
2023-05-19,USD/GBP,0.7128,16:00:00
2023-05-20,USD/GBP,0.7113,16:00:00
2023-05-21,USD/GBP,0.7081,16:00:00
2023-05-22,USD/GBP,0.7088,16:00:00
2023-05-23,USD/GBP,0.7147,16:00:00
2023-05-24,USD/GBP,0.716,16:00:00
2023-05-25,USD/GBP,0.7152,16:00:00
2023-05-26,USD/GBP,0.7143,16:00:00
2023-05-27,USD/GBP,0.709,16:00:00
2023-05-28,USD/GBP,0.7123,16:00:00
2023-05-29,USD/GBP,0.7122,16:00:00
2023-05-30,USD/GBP,0.7117,16:00:00
2023-05-31,USD/GBP,0.7232,16:00:00
2023-06-01,USD/GBP,0.7243,16:00:00
2023-06-02,USD/GBP,0.7217,16:00:00
2023-06-03,USD/GBP,0.7202,16:00:00
2023-06-04,USD/GBP,0.7244,16:00:00
2023-06-05,USD/GBP,0.7249,16:00:00
2023-06-06,USD/GBP,0.7198,16:00:00
2023-06-07,USD/GBP,0.7231,16:00:00
2023-06-08,USD/GBP,0.7208,16:00:00
2023-06-09,USD/GBP,0.7276,16:00:00
2023-06-10,USD/GBP,0.7315,16:00:00
2023-06-11,USD/GBP,0.7299,16:00:00
2023-06-12,USD/GBP,0.7345,16:00:00
2023-06-13,USD/GBP,0.7347,16:00:00
2023-06-14,USD/GBP,0.7378,16:00:00
2023-06-15,USD/GBP,0.7394,16:00:00
2023-06-16,USD/GBP,0.7363,16:00:00
2023-06-17,USD/GBP,0.7338,16:00:00
2023-06-18,USD/GBP,0.7375,16:00:00
2023-06-19,USD/GBP,0.7362,16:00:00
2023-06-20,USD/GBP,0.7347,16:00:00
2023-06-21,USD/GBP,0.7312,16:00:00
2023-06-22,USD/GBP,0.7327,16:00:00
2023-06-23,USD/GBP,0.7402,16:00:00
2023-06-24,USD/GBP,0.7362,16:00:00
2023-06-25,USD/GBP,0.7362,16:00:00
2023-06-26,USD/GBP,0.7413,16:00:00
2023-06-27,USD/GBP,0.7409,16:00:00
2023-06-28,USD/GBP,0.7424,16:00:00
2023-06-29,USD/GBP,0.7384,16:00:00
2023-06-30,USD/GBP,0.7399,16:00:00
2023-07-01,USD/GBP,0.7391,16:00:00
2023-07-02,USD/GBP,0.7426,16:00:00
2023-07-03,USD/GBP,0.7468,16:00:00
2023-07-04,USD/GBP,0.7562,16:00:00
2023-07-05,USD/GBP,0.7581,16:00:00
2023-07-06,USD/GBP,0.7591,16:00:00
2023-07-07,USD/GBP,0.7595,16:00:00
2023-07-08,USD/GBP,0.7579,16:00:00
2023-07-09,USD/GBP,0.7589,16:00:00
2023-07-10,USD/GBP,0.7575,16:00:00
2023-07-11,USD/GBP,0.7579,16:00:00
2023-07-12,USD/GBP,0.7625,16:00:00
2023-07-13,USD/GBP,0.7584,16:00:00
2023-07-14,USD/GBP,0.7624,16:00:00
2023-07-15,USD/GBP,0.767,16:00:00
2023-07-16,USD/GBP,0.7662,16:00:00
2023-07-17,USD/GBP,0.7578,16:00:00
2023-07-18,USD/GBP,0.7553,16:00:00
2023-07-19,USD/GBP,0.7598,16:00:00
2023-07-20,USD/GBP,0.7595,16:00:00
2023-07-21,USD/GBP,0.7554,16:00:00
2023-07-22,USD/GBP,0.7533,16:00:00
2023-07-23,USD/GBP,0.7562,16:00:00
2023-07-24,USD/GBP,0.758,16:00:00
2023-07-25,USD/GBP,0.7568,16:00:00
2023-07-26,USD/GBP,0.7551,16:00:00
2023-07-27,USD/GBP,0.7534,16:00:00
2023-07-28,USD/GBP,0.7497,16:00:00
2023-07-29,USD/GBP,0.7555,16:00:00
2023-07-30,USD/GBP,0.7541,16:00:00
2023-07-31,USD/GBP,0.7584,16:00:00
2023-08-01,USD/GBP,0.7638,16:00:00
2023-08-02,USD/GBP,0.7673,16:00:00
2023-08-03,USD/GBP,0.7652,16:00:00
2023-08-04,USD/GBP,0.7664,16:00:00
2023-08-05,USD/GBP,0.766,16:00:00
2023-08-06,USD/GBP,0.7622,16:00:00
2023-08-07,USD/GBP,0.7631,16:00:00
2023-08-08,USD/GBP,0.7583,16:00:00
2023-08-09,USD/GBP,0.7625,16:00:00
2023-08-10,USD/GBP,0.7604,16:00:00
2023-08-11,USD/GBP,0.7608,16:00:00
2023-08-12,USD/GBP,0.7616,16:00:00
2023-08-13,USD/GBP,0.7603,16:00:00
2023-08-14,USD/GBP,0.7622,16:00:00
2023-08-15,USD/GBP,0.7601,16:00:00
2023-08-16,USD/GBP,0.7631,16:00:00
2023-08-17,USD/GBP,0.7577,16:00:00
2023-08-18,USD/GBP,0.7579,16:00:00
2023-08-19,USD/GBP,0.7649,16:00:00
2023-08-20,USD/GBP,0.7607,16:00:00
2023-08-21,USD/GBP,0.7579,16:00:00
2023-08-22,USD/GBP,0.7595,16:00:00
2023-08-23,USD/GBP,0.7599,16:00:00
2023-08-24,USD/GBP,0.7609,16:00:00
2023-08-25,USD/GBP,0.7624,16:00:00
2023-08-26,USD/GBP,0.7645,16:00:00
2023-08-27,USD/GBP,0.7684,16:00:00
2023-08-28,USD/GBP,0.7695,16:00:00
2023-08-29,USD/GBP,0.7682,16:00:00
2023-08-30,USD/GBP,0.7704,16:00:00
2023-08-31,USD/GBP,0.7772,16:00:00
2023-09-01,USD/GBP,0.7763,16:00:00
2023-09-02,USD/GBP,0.7721,16:00:00
2023-09-03,USD/GBP,0.7759,16:00:00
2023-09-04,USD/GBP,0.7749,16:00:00
2023-09-05,USD/GBP,0.7662,16:00:00
2023-09-06,USD/GBP,0.769,16:00:00
2023-09-07,USD/GBP,0.7666,16:00:00
2023-09-08,USD/GBP,0.7659,16:00:00
2023-09-09,USD/GBP,0.7668,16:00:00
2023-09-10,USD/GBP,0.7671,16:00:00
2023-09-11,USD/GBP,0.7695,16:00:00
2023-09-12,USD/GBP,0.7674,16:00:00
2023-09-13,USD/GBP,0.769,16:00:00
2023-09-14,USD/GBP,0.7676,16:00:00
2023-09-15,USD/GBP,0.77,16:00:00
2023-09-16,USD/GBP,0.772,16:00:00
2023-09-17,USD/GBP,0.768,16:00:00
2023-09-18,USD/GBP,0.7717,16:00:00
2023-09-19,USD/GBP,0.7693,16:00:00
2023-09-20,USD/GBP,0.7719,16:00:00
2023-09-21,USD/GBP,0.7729,16:00:00
2023-09-22,USD/GBP,0.7795,16:00:00
2023-09-23,USD/GBP,0.7782,16:00:00
2023-09-24,USD/GBP,0.7763,16:00:00
2023-09-25,USD/GBP,0.7758,16:00:00
2023-09-26,USD/GBP,0.7742,16:00:00
2023-09-27,USD/GBP,0.7768,16:00:00
2023-09-28,USD/GBP,0.7701,16:00:00
2023-09-29,USD/GBP,0.7657,16:00:00
2023-09-30,USD/GBP,0.7613,16:00:00
2023-10-01,USD/GBP,0.7646,16:00:00
2023-10-02,USD/GBP,0.7707,16:00:00
2023-10-03,USD/GBP,0.7699,16:00:00
2023-10-04,USD/GBP,0.7689,16:00:00
2023-10-05,USD/GBP,0.7687,16:00:00
2023-10-06,USD/GBP,0.7728,16:00:00
2023-10-07,USD/GBP,0.7688,16:00:00
2023-10-08,USD/GBP,0.7693,16:00:00
2023-10-09,USD/GBP,0.7726,16:00:00
2023-10-10,USD/GBP,0.7741,16:00:00
2023-10-11,USD/GBP,0.7744,16:00:00
2023-10-12,USD/GBP,0.7778,16:00:00
2023-10-13,USD/GBP,0.7669,16:00:00
2023-10-14,USD/GBP,0.7691,16:00:00
2023-10-15,USD/GBP,0.7662,16:00:00
2023-10-16,USD/GBP,0.7589,16:00:00
2023-10-17,USD/GBP,0.7606,16:00:00
2023-10-18,USD/GBP,0.7654,16:00:00
2023-10-19,USD/GBP,0.7646,16:00:00
2023-10-20,USD/GBP,0.7678,16:00:00
2023-10-21,USD/GBP,0.7736,16:00:00
2023-10-22,USD/GBP,0.7782,16:00:00
2023-10-23,USD/GBP,0.784,16:00:00
2023-10-24,USD/GBP,0.7863,16:00:00
2023-10-25,USD/GBP,0.7861,16:00:00
2023-10-26,USD/GBP,0.7793,16:00:00
2023-10-27,USD/GBP,0.7778,16:00:00
2023-10-28,USD/GBP,0.7741,16:00:00
2023-10-29,USD/GBP,0.782,16:00:00
2023-10-30,USD/GBP,0.7808,16:00:00
2023-10-31,USD/GBP,0.7808,16:00:00
2023-11-01,USD/GBP,0.7824,16:00:00
2023-11-02,USD/GBP,0.782,16:00:00
2023-11-03,USD/GBP,0.7881,16:00:00
2023-11-04,USD/GBP,0.7851,16:00:00
2023-11-05,USD/GBP,0.7853,16:00:00
2023-11-06,USD/GBP,0.7818,16:00:00
2023-11-07,USD/GBP,0.7762,16:00:00
2023-11-08,USD/GBP,0.7734,16:00:00
2023-11-09,USD/GBP,0.7728,16:00:00
2023-11-10,USD/GBP,0.7707,16:00:00
2023-11-11,USD/GBP,0.7677,16:00:00
2023-11-12,USD/GBP,0.762,16:00:00
2023-11-13,USD/GBP,0.7613,16:00:00
2023-11-14,USD/GBP,0.7553,16:00:00
2023-11-15,USD/GBP,0.7579,16:00:00
2023-11-16,USD/GBP,0.758,16:00:00
2023-11-17,USD/GBP,0.7522,16:00:00
2023-11-18,USD/GBP,0.7508,16:00:00
2023-11-19,USD/GBP,0.7478,16:00:00
2023-11-20,USD/GBP,0.7488,16:00:00
2023-11-21,USD/GBP,0.7536,16:00:00
2023-11-22,USD/GBP,0.7464,16:00:00
2023-11-23,USD/GBP,0.7467,16:00:00
2023-11-24,USD/GBP,0.7459,16:00:00
2023-11-25,USD/GBP,0.7482,16:00:00
2023-11-26,USD/GBP,0.7488,16:00:00
2023-11-27,USD/GBP,0.7458,16:00:00
2023-11-28,USD/GBP,0.7445,16:00:00
2023-11-29,USD/GBP,0.7414,16:00:00
2023-11-30,USD/GBP,0.7453,16:00:00
2023-12-01,USD/GBP,0.7452,16:00:00
2023-12-02,USD/GBP,0.7521,16:00:00
2023-12-03,USD/GBP,0.7516,16:00:00
2023-12-04,USD/GBP,0.7488,16:00:00
2023-12-05,USD/GBP,0.743,16:00:00
2023-12-06,USD/GBP,0.7362,16:00:00
2023-12-07,USD/GBP,0.7304,16:00:00
2023-12-08,USD/GBP,0.7313,16:00:00
2023-12-09,USD/GBP,0.7332,16:00:00
2023-12-10,USD/GBP,0.7274,16:00:00
2023-12-11,USD/GBP,0.7306,16:00:00
2023-12-12,USD/GBP,0.7289,16:00:00
2023-12-13,USD/GBP,0.7294,16:00:00
2023-12-14,USD/GBP,0.7352,16:00:00
2023-12-15,USD/GBP,0.7385,16:00:00
2023-12-16,USD/GBP,0.7374,16:00:00
2023-12-17,USD/GBP,0.7341,16:00:00
2023-12-18,USD/GBP,0.7262,16:00:00
2023-12-19,USD/GBP,0.7237,16:00:00
2023-12-20,USD/GBP,0.723,16:00:00
2023-12-21,USD/GBP,0.7195,16:00:00
2023-12-22,USD/GBP,0.7191,16:00:00
2023-12-23,USD/GBP,0.7195,16:00:00
2023-12-24,USD/GBP,0.7188,16:00:00
2023-12-25,USD/GBP,0.7166,16:00:00
2023-12-26,USD/GBP,0.7174,16:00:00
2023-12-27,USD/GBP,0.7191,16:00:00
2023-12-28,USD/GBP,0.7153,16:00:00
2023-12-29,USD/GBP,0.7204,16:00:00
2023-12-30,USD/GBP,0.7202,16:00:00
2023-12-31,USD/GBP,0.7203,16:00:00
2023-01-01,USD/JPY,110.3856,16:00:00
2023-01-02,USD/JPY,110.5092,16:00:00
2023-01-03,USD/JPY,111.0255,16:00:00
2023-01-04,USD/JPY,111.173,16:00:00
2023-01-05,USD/JPY,110.8243,16:00:00
2023-01-06,USD/JPY,111.0143,16:00:00
2023-01-07,USD/JPY,110.3757,16:00:00
2023-01-08,USD/JPY,110.4313,16:00:00
2023-01-09,USD/JPY,110.4088,16:00:00
2023-01-10,USD/JPY,110.291,16:00:00
2023-01-11,USD/JPY,110.2179,16:00:00
2023-01-12,USD/JPY,109.189,16:00:00
2023-01-13,USD/JPY,108.9005,16:00:00
2023-01-14,USD/JPY,108.9616,16:00:00
2023-01-15,USD/JPY,109.0582,16:00:00
2023-01-16,USD/JPY,108.5128,16:00:00
2023-01-17,USD/JPY,109.2075,16:00:00
2023-01-18,USD/JPY,108.7472,16:00:00
2023-01-19,USD/JPY,109.2816,16:00:00
2023-01-20,USD/JPY,109.5199,16:00:00
2023-01-21,USD/JPY,109.1744,16:00:00
2023-01-22,USD/JPY,110.142,16:00:00
2023-01-23,USD/JPY,109.4898,16:00:00
2023-01-24,USD/JPY,109.9931,16:00:00
2023-01-25,USD/JPY,110.5379,16:00:00
2023-01-26,USD/JPY,110.1656,16:00:00
2023-01-27,USD/JPY,110.9233,16:00:00
2023-01-28,USD/JPY,110.7768,16:00:00
2023-01-29,USD/JPY,110.9273,16:00:00
2023-01-30,USD/JPY,111.061,16:00:00
2023-01-31,USD/JPY,110.9765,16:00:00
2023-02-01,USD/JPY,111.4122,16:00:00
2023-02-02,USD/JPY,111.8356,16:00:00
2023-02-03,USD/JPY,110.8493,16:00:00
2023-02-04,USD/JPY,111.5565,16:00:00
2023-02-05,USD/JPY,110.6229,16:00:00
2023-02-06,USD/JPY,111.1821,16:00:00
2023-02-07,USD/JPY,111.7904,16:00:00
2023-02-08,USD/JPY,111.1688,16:00:00
2023-02-09,USD/JPY,110.931,16:00:00
2023-02-10,USD/JPY,110.3146,16:00:00
2023-02-11,USD/JPY,110.194,16:00:00
2023-02-12,USD/JPY,110.0241,16:00:00
2023-02-13,USD/JPY,110.4485,16:00:00
2023-02-14,USD/JPY,111.1603,16:00:00
2023-02-15,USD/JPY,111.9167,16:00:00
2023-02-16,USD/JPY,111.5861,16:00:00
2023-02-17,USD/JPY,111.4547,16:00:00
2023-02-18,USD/JPY,110.5114,16:00:00
2023-02-19,USD/JPY,110.0654,16:00:00
2023-02-20,USD/JPY,110.5905,16:00:00
2023-02-21,USD/JPY,111.469,16:00:00
2023-02-22,USD/JPY,110.7732,16:00:00
2023-02-23,USD/JPY,110.4406,16:00:00
2023-02-24,USD/JPY,110.4218,16:00:00
2023-02-25,USD/JPY,110.5707,16:00:00
2023-02-26,USD/JPY,110.1218,16:00:00
2023-02-27,USD/JPY,110.3518,16:00:00
2023-02-28,USD/JPY,110.0894,16:00:00
2023-03-01,USD/JPY,110.0807,16:00:00
2023-03-02,USD/JPY,110.3775,16:00:00
2023-03-03,USD/JPY,110.3773,16:00:00
2023-03-04,USD/JPY,110.1351,16:00:00
2023-03-05,USD/JPY,110.074,16:00:00
2023-03-06,USD/JPY,110.0251,16:00:00
2023-03-07,USD/JPY,109.8233,16:00:00
2023-03-08,USD/JPY,109.6844,16:00:00
2023-03-09,USD/JPY,110.5555,16:00:00
2023-03-10,USD/JPY,110.8569,16:00:00
2023-03-11,USD/JPY,110.6862,16:00:00
2023-03-12,USD/JPY,111.0612,16:00:00
2023-03-13,USD/JPY,110.8671,16:00:00
2023-03-14,USD/JPY,111.5022,16:00:00
2023-03-15,USD/JPY,111.6912,16:00:00
2023-03-16,USD/JPY,111.615,16:00:00
2023-03-17,USD/JPY,111.8462,16:00:00
2023-03-18,USD/JPY,110.958,16:00:00
2023-03-19,USD/JPY,110.3296,16:00:00
2023-03-20,USD/JPY,109.6742,16:00:00
2023-03-21,USD/JPY,109.7551,16:00:00
2023-03-22,USD/JPY,110.6988,16:00:00
2023-03-23,USD/JPY,111.9145,16:00:00
2023-03-24,USD/JPY,112.2488,16:00:00
2023-03-25,USD/JPY,112.5046,16:00:00
2023-03-26,USD/JPY,111.4765,16:00:00
2023-03-27,USD/JPY,111.1623,16:00:00
2023-03-28,USD/JPY,110.7172,16:00:00
2023-03-29,USD/JPY,110.3698,16:00:00
2023-03-30,USD/JPY,110.2742,16:00:00
2023-03-31,USD/JPY,110.0138,16:00:00
2023-04-01,USD/JPY,108.9358,16:00:00
2023-04-02,USD/JPY,109.3497,16:00:00
2023-04-03,USD/JPY,108.7756,16:00:00
2023-04-04,USD/JPY,108.9166,16:00:00
2023-04-05,USD/JPY,110.0457,16:00:00
2023-04-06,USD/JPY,109.5444,16:00:00
2023-04-07,USD/JPY,108.1769,16:00:00
2023-04-08,USD/JPY,108.042,16:00:00
2023-04-09,USD/JPY,108.6504,16:00:00
2023-04-10,USD/JPY,109.7171,16:00:00
2023-04-11,USD/JPY,109.0522,16:00:00
2023-04-12,USD/JPY,109.3298,16:00:00
2023-04-13,USD/JPY,109.0847,16:00:00
2023-04-14,USD/JPY,109.0366,16:00:00
2023-04-15,USD/JPY,110.4735,16:00:00
2023-04-16,USD/JPY,109.6469,16:00:00
2023-04-17,USD/JPY,109.7881,16:00:00
2023-04-18,USD/JPY,110.0444,16:00:00
2023-04-19,USD/JPY,110.6354,16:00:00
2023-04-20,USD/JPY,110.6827,16:00:00
2023-04-21,USD/JPY,110.8447,16:00:00
2023-04-22,USD/JPY,110.6213,16:00:00
2023-04-23,USD/JPY,110.7625,16:00:00
2023-04-24,USD/JPY,110.5667,16:00:00
2023-04-25,USD/JPY,110.9012,16:00:00
2023-04-26,USD/JPY,110.6893,16:00:00
2023-04-27,USD/JPY,110.889,16:00:00
2023-04-28,USD/JPY,110.8641,16:00:00
2023-04-29,USD/JPY,111.4734,16:00:00
2023-04-30,USD/JPY,111.4303,16:00:00
2023-05-01,USD/JPY,110.438,16:00:00
2023-05-02,USD/JPY,111.1235,16:00:00
2023-05-03,USD/JPY,110.614,16:00:00
2023-05-04,USD/JPY,110.2499,16:00:00
2023-05-05,USD/JPY,109.9224,16:00:00
2023-05-06,USD/JPY,110.671,16:00:00
2023-05-07,USD/JPY,109.4943,16:00:00
2023-05-08,USD/JPY,111.2,16:00:00
2023-05-09,USD/JPY,111.7693,16:00:00
2023-05-10,USD/JPY,111.8751,16:00:00
2023-05-11,USD/JPY,111.826,16:00:00
2023-05-12,USD/JPY,111.9658,16:00:00
2023-05-13,USD/JPY,112.235,16:00:00
2023-05-14,USD/JPY,112.5711,16:00:00
2023-05-15,USD/JPY,112.855,16:00:00
2023-05-16,USD/JPY,112.8764,16:00:00
2023-05-17,USD/JPY,112.7374,16:00:00
2023-05-18,USD/JPY,112.6256,16:00:00
2023-05-19,USD/JPY,112.4907,16:00:00
2023-05-20,USD/JPY,113.0971,16:00:00
2023-05-21,USD/JPY,113.3984,16:00:00
2023-05-22,USD/JPY,111.7139,16:00:00
2023-05-23,USD/JPY,112.0595,16:00:00
2023-05-24,USD/JPY,112.1469,16:00:00
2023-05-25,USD/JPY,112.1151,16:00:00
2023-05-26,USD/JPY,111.8783,16:00:00
2023-05-27,USD/JPY,112.4821,16:00:00
2023-05-28,USD/JPY,112.9848,16:00:00
2023-05-29,USD/JPY,112.5227,16:00:00
2023-05-30,USD/JPY,112.7242,16:00:00
2023-05-31,USD/JPY,112.1548,16:00:00
2023-06-01,USD/JPY,111.3673,16:00:00
2023-06-02,USD/JPY,111.0082,16:00:00
2023-06-03,USD/JPY,111.472,16:00:00
2023-06-04,USD/JPY,111.9832,16:00:00
2023-06-05,USD/JPY,112.2477,16:00:00
2023-06-06,USD/JPY,112.6281,16:00:00
2023-06-07,USD/JPY,112.8896,16:00:00
2023-06-08,USD/JPY,112.5023,16:00:00
2023-06-09,USD/JPY,112.7178,16:00:00
2023-06-10,USD/JPY,113.1372,16:00:00
2023-06-11,USD/JPY,113.5283,16:00:00
2023-06-12,USD/JPY,114.1611,16:00:00
2023-06-13,USD/JPY,114.5198,16:00:00
2023-06-14,USD/JPY,114.6738,16:00:00
2023-06-15,USD/JPY,115.2345,16:00:00
2023-06-16,USD/JPY,115.167,16:00:00
2023-06-17,USD/JPY,114.6126,16:00:00
2023-06-18,USD/JPY,114.474,16:00:00
2023-06-19,USD/JPY,114.0071,16:00:00
2023-06-20,USD/JPY,113.586,16:00:00
2023-06-21,USD/JPY,113.4689,16:00:00
2023-06-22,USD/JPY,112.9892,16:00:00
2023-06-23,USD/JPY,112.787,16:00:00
2023-06-24,USD/JPY,111.702,16:00:00
2023-06-25,USD/JPY,111.8029,16:00:00
2023-06-26,USD/JPY,111.7855,16:00:00
2023-06-27,USD/JPY,111.3155,16:00:00
2023-06-28,USD/JPY,111.6656,16:00:00
2023-06-29,USD/JPY,112.1672,16:00:00
2023-06-30,USD/JPY,111.253,16:00:00
2023-07-01,USD/JPY,110.8204,16:00:00
2023-07-02,USD/JPY,110.3903,16:00:00
2023-07-03,USD/JPY,109.8728,16:00:00
2023-07-04,USD/JPY,110.3252,16:00:00
2023-07-05,USD/JPY,110.2161,16:00:00
2023-07-06,USD/JPY,110.0696,16:00:00
2023-07-07,USD/JPY,108.9771,16:00:00
2023-07-08,USD/JPY,109.3301,16:00:00
2023-07-09,USD/JPY,108.6662,16:00:00
2023-07-10,USD/JPY,108.7117,16:00:00
2023-07-11,USD/JPY,108.8739,16:00:00
2023-07-12,USD/JPY,109.6184,16:00:00
2023-07-13,USD/JPY,108.9121,16:00:00
2023-07-14,USD/JPY,107.2951,16:00:00
2023-07-15,USD/JPY,107.4198,16:00:00
2023-07-16,USD/JPY,108.403,16:00:00
2023-07-17,USD/JPY,109.0837,16:00:00
2023-07-18,USD/JPY,109.2061,16:00:00
2023-07-19,USD/JPY,108.9483,16:00:00
2023-07-20,USD/JPY,109.3941,16:00:00
2023-07-21,USD/JPY,108.873,16:00:00
2023-07-22,USD/JPY,109.141,16:00:00
2023-07-23,USD/JPY,109.4226,16:00:00
2023-07-24,USD/JPY,110.0027,16:00:00
2023-07-25,USD/JPY,111.5053,16:00:00
2023-07-26,USD/JPY,111.7068,16:00:00
2023-07-27,USD/JPY,111.4083,16:00:00
2023-07-28,USD/JPY,111.3802,16:00:00
2023-07-29,USD/JPY,110.391,16:00:00
2023-07-30,USD/JPY,110.0075,16:00:00
2023-07-31,USD/JPY,109.7845,16:00:00
2023-08-01,USD/JPY,109.5019,16:00:00
2023-08-02,USD/JPY,109.5894,16:00:00
2023-08-03,USD/JPY,109.1474,16:00:00
2023-08-04,USD/JPY,109.7616,16:00:00
2023-08-05,USD/JPY,109.7641,16:00:00
2023-08-06,USD/JPY,109.7614,16:00:00
2023-08-07,USD/JPY,109.5856,16:00:00
2023-08-08,USD/JPY,109.674,16:00:00
2023-08-09,USD/JPY,110.1252,16:00:00
2023-08-10,USD/JPY,109.6512,16:00:00
2023-08-11,USD/JPY,109.2975,16:00:00
2023-08-12,USD/JPY,109.1402,16:00:00
2023-08-13,USD/JPY,108.4217,16:00:00
2023-08-14,USD/JPY,107.9978,16:00:00
2023-08-15,USD/JPY,107.7632,16:00:00
2023-08-16,USD/JPY,108.252,16:00:00
2023-08-17,USD/JPY,108.4102,16:00:00
2023-08-18,USD/JPY,108.53,16:00:00
2023-08-19,USD/JPY,109.0018,16:00:00
2023-08-20,USD/JPY,108.9377,16:00:00
2023-08-21,USD/JPY,109.1589,16:00:00
2023-08-22,USD/JPY,109.1115,16:00:00
2023-08-23,USD/JPY,109.2637,16:00:00
2023-08-24,USD/JPY,108.9559,16:00:00
2023-08-25,USD/JPY,107.651,16:00:00
2023-08-26,USD/JPY,107.6029,16:00:00
2023-08-27,USD/JPY,108.3847,16:00:00
2023-08-28,USD/JPY,108.8978,16:00:00
2023-08-29,USD/JPY,109.4292,16:00:00
2023-08-30,USD/JPY,110.1045,16:00:00
2023-08-31,USD/JPY,110.1517,16:00:00
2023-09-01,USD/JPY,110.2578,16:00:00
2023-09-02,USD/JPY,109.9181,16:00:00
2023-09-03,USD/JPY,109.747,16:00:00
2023-09-04,USD/JPY,110.084,16:00:00
2023-09-05,USD/JPY,110.7392,16:00:00
2023-09-06,USD/JPY,110.6554,16:00:00
2023-09-07,USD/JPY,110.4022,16:00:00
2023-09-08,USD/JPY,110.3985,16:00:00
2023-09-09,USD/JPY,110.7231,16:00:00
2023-09-10,USD/JPY,109.9245,16:00:00
2023-09-11,USD/JPY,108.6758,16:00:00
2023-09-12,USD/JPY,108.3929,16:00:00
2023-09-13,USD/JPY,107.754,16:00:00
2023-09-14,USD/JPY,107.5054,16:00:00
2023-09-15,USD/JPY,107.4517,16:00:00
2023-09-16,USD/JPY,107.2361,16:00:00
2023-09-17,USD/JPY,108.0348,16:00:00
2023-09-18,USD/JPY,108.2292,16:00:00
2023-09-19,USD/JPY,108.4078,16:00:00
2023-09-20,USD/JPY,108.7577,16:00:00
2023-09-21,USD/JPY,108.157,16:00:00
2023-09-22,USD/JPY,108.7317,16:00:00
2023-09-23,USD/JPY,108.7036,16:00:00
2023-09-24,USD/JPY,109.0774,16:00:00
2023-09-25,USD/JPY,108.5079,16:00:00
2023-09-26,USD/JPY,107.6883,16:00:00
2023-09-27,USD/JPY,108.1473,16:00:00
2023-09-28,USD/JPY,108.3674,16:00:00
2023-09-29,USD/JPY,107.8998,16:00:00
2023-09-30,USD/JPY,107.4563,16:00:00
2023-10-01,USD/JPY,108.0804,16:00:00
2023-10-02,USD/JPY,107.4633,16:00:00
2023-10-03,USD/JPY,108.3624,16:00:00
2023-10-04,USD/JPY,107.8957,16:00:00
2023-10-05,USD/JPY,108.2577,16:00:00
2023-10-06,USD/JPY,108.0991,16:00:00
2023-10-07,USD/JPY,108.4408,16:00:00
2023-10-08,USD/JPY,108.1643,16:00:00
2023-10-09,USD/JPY,108.0955,16:00:00
2023-10-10,USD/JPY,108.1365,16:00:00
2023-10-11,USD/JPY,107.6187,16:00:00
2023-10-12,USD/JPY,108.0371,16:00:00
2023-10-13,USD/JPY,107.7823,16:00:00
2023-10-14,USD/JPY,107.6825,16:00:00
2023-10-15,USD/JPY,107.1757,16:00:00
2023-10-16,USD/JPY,105.8445,16:00:00
2023-10-17,USD/JPY,105.786,16:00:00
2023-10-18,USD/JPY,107.0915,16:00:00
2023-10-19,USD/JPY,107.5365,16:00:00
2023-10-20,USD/JPY,107.5509,16:00:00
2023-10-21,USD/JPY,107.4354,16:00:00
2023-10-22,USD/JPY,107.473,16:00:00
2023-10-23,USD/JPY,107.7893,16:00:00
2023-10-24,USD/JPY,107.1814,16:00:00
2023-10-25,USD/JPY,107.8008,16:00:00
2023-10-26,USD/JPY,108.2045,16:00:00
2023-10-27,USD/JPY,108.6072,16:00:00
2023-10-28,USD/JPY,108.8568,16:00:00
2023-10-29,USD/JPY,108.8788,16:00:00
2023-10-30,USD/JPY,109.2527,16:00:00
2023-10-31,USD/JPY,109.5802,16:00:00
2023-11-01,USD/JPY,109.3924,16:00:00
2023-11-02,USD/JPY,109.0878,16:00:00
2023-11-03,USD/JPY,109.152,16:00:00
2023-11-04,USD/JPY,109.9974,16:00:00
2023-11-05,USD/JPY,109.3227,16:00:00
2023-11-06,USD/JPY,108.5353,16:00:00
2023-11-07,USD/JPY,108.6385,16:00:00
2023-11-08,USD/JPY,108.6795,16:00:00
2023-11-09,USD/JPY,108.7859,16:00:00
2023-11-10,USD/JPY,108.9295,16:00:00
2023-11-11,USD/JPY,108.8198,16:00:00
2023-11-12,USD/JPY,109.6341,16:00:00
2023-11-13,USD/JPY,108.769,16:00:00
2023-11-14,USD/JPY,108.3352,16:00:00
2023-11-15,USD/JPY,108.2965,16:00:00
2023-11-16,USD/JPY,107.4327,16:00:00
2023-11-17,USD/JPY,107.3649,16:00:00
2023-11-18,USD/JPY,108.2742,16:00:00
2023-11-19,USD/JPY,108.3027,16:00:00
2023-11-20,USD/JPY,108.4433,16:00:00
2023-11-21,USD/JPY,107.7824,16:00:00
2023-11-22,USD/JPY,107.4758,16:00:00
2023-11-23,USD/JPY,107.3014,16:00:00
2023-11-24,USD/JPY,107.1596,16:00:00
2023-11-25,USD/JPY,107.8679,16:00:00
2023-11-26,USD/JPY,108.187,16:00:00
2023-11-27,USD/JPY,107.6099,16:00:00
2023-11-28,USD/JPY,107.7651,16:00:00
2023-11-29,USD/JPY,108.0532,16:00:00
2023-11-30,USD/JPY,108.6825,16:00:00
2023-12-01,USD/JPY,109.546,16:00:00
2023-12-02,USD/JPY,109.0001,16:00:00
2023-12-03,USD/JPY,108.5726,16:00:00
2023-12-04,USD/JPY,107.911,16:00:00
2023-12-05,USD/JPY,107.8069,16:00:00
2023-12-06,USD/JPY,108.0777,16:00:00
2023-12-07,USD/JPY,108.6251,16:00:00
2023-12-08,USD/JPY,108.598,16:00:00
2023-12-09,USD/JPY,108.4401,16:00:00
2023-12-10,USD/JPY,108.5372,16:00:00
2023-12-11,USD/JPY,108.1031,16:00:00
2023-12-12,USD/JPY,109.2402,16:00:00
2023-12-13,USD/JPY,108.3785,16:00:00
2023-12-14,USD/JPY,108.4938,16:00:00
2023-12-15,USD/JPY,109.5956,16:00:00
2023-12-16,USD/JPY,109.6034,16:00:00
2023-12-17,USD/JPY,109.5042,16:00:00
2023-12-18,USD/JPY,109.3154,16:00:00
2023-12-19,USD/JPY,109.2247,16:00:00
2023-12-20,USD/JPY,109.9747,16:00:00
2023-12-21,USD/JPY,108.7708,16:00:00
2023-12-22,USD/JPY,109.6087,16:00:00
2023-12-23,USD/JPY,108.8401,16:00:00
2023-12-24,USD/JPY,108.708,16:00:00
2023-12-25,USD/JPY,108.49,16:00:00
2023-12-26,USD/JPY,108.8211,16:00:00
2023-12-27,USD/JPY,107.9721,16:00:00
2023-12-28,USD/JPY,108.2393,16:00:00
2023-12-29,USD/JPY,109.3415,16:00:00
2023-12-30,USD/JPY,108.6103,16:00:00
2023-12-31,USD/JPY,108.7262,16:00:00
2023-01-01,EUR/GBP,0.8572,16:00:00
2023-01-02,EUR/GBP,0.859,16:00:00
2023-01-03,EUR/GBP,0.8591,16:00:00
2023-01-04,EUR/GBP,0.8564,16:00:00
2023-01-05,EUR/GBP,0.8585,16:00:00
2023-01-06,EUR/GBP,0.8662,16:00:00
2023-01-07,EUR/GBP,0.8653,16:00:00
2023-01-08,EUR/GBP,0.8683,16:00:00
2023-01-09,EUR/GBP,0.8627,16:00:00
2023-01-10,EUR/GBP,0.8586,16:00:00
2023-01-11,EUR/GBP,0.8606,16:00:00
2023-01-12,EUR/GBP,0.8669,16:00:00
2023-01-13,EUR/GBP,0.8684,16:00:00
2023-01-14,EUR/GBP,0.8669,16:00:00
2023-01-15,EUR/GBP,0.8669,16:00:00
2023-01-16,EUR/GBP,0.8614,16:00:00
2023-01-17,EUR/GBP,0.864,16:00:00
2023-01-18,EUR/GBP,0.8677,16:00:00
2023-01-19,EUR/GBP,0.8657,16:00:00
2023-01-20,EUR/GBP,0.8636,16:00:00
2023-01-21,EUR/GBP,0.8647,16:00:00
2023-01-22,EUR/GBP,0.8628,16:00:00
2023-01-23,EUR/GBP,0.8625,16:00:00
2023-01-24,EUR/GBP,0.8715,16:00:00
2023-01-25,EUR/GBP,0.8703,16:00:00
2023-01-26,EUR/GBP,0.8686,16:00:00
2023-01-27,EUR/GBP,0.8658,16:00:00
2023-01-28,EUR/GBP,0.8689,16:00:00
2023-01-29,EUR/GBP,0.868,16:00:00
2023-01-30,EUR/GBP,0.8651,16:00:00
2023-01-31,EUR/GBP,0.8708,16:00:00
2023-02-01,EUR/GBP,0.8768,16:00:00
2023-02-02,EUR/GBP,0.874,16:00:00
2023-02-03,EUR/GBP,0.8658,16:00:00
2023-02-04,EUR/GBP,0.87,16:00:00
2023-02-05,EUR/GBP,0.867,16:00:00
2023-02-06,EUR/GBP,0.8703,16:00:00
2023-02-07,EUR/GBP,0.8617,16:00:00
2023-02-08,EUR/GBP,0.8655,16:00:00
2023-02-09,EUR/GBP,0.8603,16:00:00
2023-02-10,EUR/GBP,0.8634,16:00:00
2023-02-11,EUR/GBP,0.8634,16:00:00
2023-02-12,EUR/GBP,0.8593,16:00:00
2023-02-13,EUR/GBP,0.8576,16:00:00
2023-02-14,EUR/GBP,0.8605,16:00:00
2023-02-15,EUR/GBP,0.861,16:00:00
2023-02-16,EUR/GBP,0.8634,16:00:00
2023-02-17,EUR/GBP,0.8718,16:00:00
2023-02-18,EUR/GBP,0.865,16:00:00
2023-02-19,EUR/GBP,0.8719,16:00:00
2023-02-20,EUR/GBP,0.8722,16:00:00
2023-02-21,EUR/GBP,0.8682,16:00:00
2023-02-22,EUR/GBP,0.8624,16:00:00
2023-02-23,EUR/GBP,0.8616,16:00:00
2023-02-24,EUR/GBP,0.8655,16:00:00
2023-02-25,EUR/GBP,0.8649,16:00:00
2023-02-26,EUR/GBP,0.8713,16:00:00
2023-02-27,EUR/GBP,0.8649,16:00:00
2023-02-28,EUR/GBP,0.8648,16:00:00
2023-03-01,EUR/GBP,0.8594,16:00:00
2023-03-02,EUR/GBP,0.861,16:00:00
2023-03-03,EUR/GBP,0.8647,16:00:00
2023-03-04,EUR/GBP,0.8629,16:00:00
2023-03-05,EUR/GBP,0.8517,16:00:00
2023-03-06,EUR/GBP,0.8526,16:00:00
2023-03-07,EUR/GBP,0.8546,16:00:00
2023-03-08,EUR/GBP,0.8563,16:00:00
2023-03-09,EUR/GBP,0.8616,16:00:00
2023-03-10,EUR/GBP,0.857,16:00:00
2023-03-11,EUR/GBP,0.8599,16:00:00
2023-03-12,EUR/GBP,0.865,16:00:00
2023-03-13,EUR/GBP,0.8573,16:00:00
2023-03-14,EUR/GBP,0.8587,16:00:00
2023-03-15,EUR/GBP,0.8566,16:00:00
2023-03-16,EUR/GBP,0.8563,16:00:00
2023-03-17,EUR/GBP,0.8578,16:00:00
2023-03-18,EUR/GBP,0.8558,16:00:00
2023-03-19,EUR/GBP,0.8529,16:00:00
2023-03-20,EUR/GBP,0.8531,16:00:00
2023-03-21,EUR/GBP,0.8486,16:00:00
2023-03-22,EUR/GBP,0.8442,16:00:00
2023-03-23,EUR/GBP,0.8472,16:00:00
2023-03-24,EUR/GBP,0.8425,16:00:00
2023-03-25,EUR/GBP,0.8454,16:00:00
2023-03-26,EUR/GBP,0.8475,16:00:00
2023-03-27,EUR/GBP,0.8404,16:00:00
2023-03-28,EUR/GBP,0.8378,16:00:00
2023-03-29,EUR/GBP,0.843,16:00:00
2023-03-30,EUR/GBP,0.839,16:00:00
2023-03-31,EUR/GBP,0.8373,16:00:00
2023-04-01,EUR/GBP,0.8395,16:00:00
2023-04-02,EUR/GBP,0.8429,16:00:00
2023-04-03,EUR/GBP,0.842,16:00:00
2023-04-04,EUR/GBP,0.8397,16:00:00
2023-04-05,EUR/GBP,0.8458,16:00:00
2023-04-06,EUR/GBP,0.8533,16:00:00
2023-04-07,EUR/GBP,0.8575,16:00:00
2023-04-08,EUR/GBP,0.8579,16:00:00
2023-04-09,EUR/GBP,0.8544,16:00:00
2023-04-10,EUR/GBP,0.851,16:00:00
2023-04-11,EUR/GBP,0.8533,16:00:00
2023-04-12,EUR/GBP,0.8551,16:00:00
2023-04-13,EUR/GBP,0.8611,16:00:00
2023-04-14,EUR/GBP,0.8639,16:00:00
2023-04-15,EUR/GBP,0.8574,16:00:00
2023-04-16,EUR/GBP,0.8619,16:00:00
2023-04-17,EUR/GBP,0.8576,16:00:00
2023-04-18,EUR/GBP,0.856,16:00:00
2023-04-19,EUR/GBP,0.8571,16:00:00
2023-04-20,EUR/GBP,0.8656,16:00:00
2023-04-21,EUR/GBP,0.8789,16:00:00
2023-04-22,EUR/GBP,0.8813,16:00:00
2023-04-23,EUR/GBP,0.8803,16:00:00
2023-04-24,EUR/GBP,0.8824,16:00:00
2023-04-25,EUR/GBP,0.8861,16:00:00
2023-04-26,EUR/GBP,0.8844,16:00:00
2023-04-27,EUR/GBP,0.892,16:00:00
2023-04-28,EUR/GBP,0.8927,16:00:00
2023-04-29,EUR/GBP,0.8946,16:00:00
2023-04-30,EUR/GBP,0.8972,16:00:00
2023-05-01,EUR/GBP,0.8987,16:00:00
2023-05-02,EUR/GBP,0.902,16:00:00
2023-05-03,EUR/GBP,0.8989,16:00:00
2023-05-04,EUR/GBP,0.896,16:00:00
2023-05-05,EUR/GBP,0.8908,16:00:00
2023-05-06,EUR/GBP,0.8924,16:00:00
2023-05-07,EUR/GBP,0.8955,16:00:00
2023-05-08,EUR/GBP,0.8972,16:00:00
2023-05-09,EUR/GBP,0.9042,16:00:00
2023-05-10,EUR/GBP,0.9038,16:00:00
2023-05-11,EUR/GBP,0.9063,16:00:00
2023-05-12,EUR/GBP,0.901,16:00:00
2023-05-13,EUR/GBP,0.8988,16:00:00
2023-05-14,EUR/GBP,0.9015,16:00:00
2023-05-15,EUR/GBP,0.9049,16:00:00
2023-05-16,EUR/GBP,0.9031,16:00:00
2023-05-17,EUR/GBP,0.9024,16:00:00
2023-05-18,EUR/GBP,0.8952,16:00:00
2023-05-19,EUR/GBP,0.8933,16:00:00
2023-05-20,EUR/GBP,0.8969,16:00:00
2023-05-21,EUR/GBP,0.899,16:00:00
2023-05-22,EUR/GBP,0.9009,16:00:00
2023-05-23,EUR/GBP,0.9007,16:00:00
2023-05-24,EUR/GBP,0.9003,16:00:00
2023-05-25,EUR/GBP,0.897,16:00:00
2023-05-26,EUR/GBP,0.8997,16:00:00
2023-05-27,EUR/GBP,0.9012,16:00:00
2023-05-28,EUR/GBP,0.903,16:00:00
2023-05-29,EUR/GBP,0.9002,16:00:00
2023-05-30,EUR/GBP,0.8902,16:00:00
2023-05-31,EUR/GBP,0.8947,16:00:00
2023-06-01,EUR/GBP,0.8923,16:00:00
2023-06-02,EUR/GBP,0.8881,16:00:00
2023-06-03,EUR/GBP,0.8909,16:00:00
2023-06-04,EUR/GBP,0.8889,16:00:00
2023-06-05,EUR/GBP,0.8932,16:00:00
2023-06-06,EUR/GBP,0.8956,16:00:00
2023-06-07,EUR/GBP,0.8983,16:00:00
2023-06-08,EUR/GBP,0.8918,16:00:00
2023-06-09,EUR/GBP,0.8969,16:00:00
2023-06-10,EUR/GBP,0.8977,16:00:00
2023-06-11,EUR/GBP,0.8956,16:00:00
2023-06-12,EUR/GBP,0.8959,16:00:00
2023-06-13,EUR/GBP,0.8877,16:00:00
2023-06-14,EUR/GBP,0.8892,16:00:00
2023-06-15,EUR/GBP,0.8844,16:00:00
2023-06-16,EUR/GBP,0.8782,16:00:00
2023-06-17,EUR/GBP,0.8714,16:00:00
2023-06-18,EUR/GBP,0.8761,16:00:00
2023-06-19,EUR/GBP,0.8732,16:00:00
2023-06-20,EUR/GBP,0.8797,16:00:00
2023-06-21,EUR/GBP,0.8772,16:00:00
2023-06-22,EUR/GBP,0.8696,16:00:00
2023-06-23,EUR/GBP,0.8647,16:00:00
2023-06-24,EUR/GBP,0.8699,16:00:00
2023-06-25,EUR/GBP,0.8692,16:00:00
2023-06-26,EUR/GBP,0.8667,16:00:00
2023-06-27,EUR/GBP,0.8673,16:00:00
2023-06-28,EUR/GBP,0.8694,16:00:00
2023-06-29,EUR/GBP,0.8741,16:00:00
2023-06-30,EUR/GBP,0.8803,16:00:00
2023-07-01,EUR/GBP,0.8785,16:00:00
2023-07-02,EUR/GBP,0.8725,16:00:00
2023-07-03,EUR/GBP,0.8706,16:00:00
2023-07-04,EUR/GBP,0.8716,16:00:00
2023-07-05,EUR/GBP,0.8674,16:00:00
2023-07-06,EUR/GBP,0.8632,16:00:00
2023-07-07,EUR/GBP,0.8646,16:00:00
2023-07-08,EUR/GBP,0.8644,16:00:00
2023-07-09,EUR/GBP,0.8645,16:00:00
2023-07-10,EUR/GBP,0.8612,16:00:00
2023-07-11,EUR/GBP,0.8602,16:00:00
2023-07-12,EUR/GBP,0.8562,16:00:00
2023-07-13,EUR/GBP,0.86,16:00:00
2023-07-14,EUR/GBP,0.8645,16:00:00
2023-07-15,EUR/GBP,0.8565,16:00:00
2023-07-16,EUR/GBP,0.8526,16:00:00
2023-07-17,EUR/GBP,0.8464,16:00:00
2023-07-18,EUR/GBP,0.8438,16:00:00
2023-07-19,EUR/GBP,0.8436,16:00:00
2023-07-20,EUR/GBP,0.8377,16:00:00
2023-07-21,EUR/GBP,0.8341,16:00:00
2023-07-22,EUR/GBP,0.8302,16:00:00
2023-07-23,EUR/GBP,0.8314,16:00:00
2023-07-24,EUR/GBP,0.8319,16:00:00
2023-07-25,EUR/GBP,0.8292,16:00:00
2023-07-26,EUR/GBP,0.8303,16:00:00
2023-07-27,EUR/GBP,0.8283,16:00:00
2023-07-28,EUR/GBP,0.8275,16:00:00
2023-07-29,EUR/GBP,0.8347,16:00:00
2023-07-30,EUR/GBP,0.8405,16:00:00
2023-07-31,EUR/GBP,0.8353,16:00:00
2023-08-01,EUR/GBP,0.839,16:00:00
2023-08-02,EUR/GBP,0.8425,16:00:00
2023-08-03,EUR/GBP,0.8379,16:00:00
2023-08-04,EUR/GBP,0.8416,16:00:00
2023-08-05,EUR/GBP,0.8481,16:00:00
2023-08-06,EUR/GBP,0.8435,16:00:00
2023-08-07,EUR/GBP,0.8399,16:00:00
2023-08-08,EUR/GBP,0.8443,16:00:00
2023-08-09,EUR/GBP,0.8456,16:00:00
2023-08-10,EUR/GBP,0.8481,16:00:00
2023-08-11,EUR/GBP,0.8496,16:00:00
2023-08-12,EUR/GBP,0.8514,16:00:00
2023-08-13,EUR/GBP,0.8458,16:00:00
2023-08-14,EUR/GBP,0.8504,16:00:00
2023-08-15,EUR/GBP,0.8554,16:00:00
2023-08-16,EUR/GBP,0.8545,16:00:00
2023-08-17,EUR/GBP,0.8543,16:00:00
2023-08-18,EUR/GBP,0.8479,16:00:00
2023-08-19,EUR/GBP,0.8502,16:00:00
2023-08-20,EUR/GBP,0.8527,16:00:00
2023-08-21,EUR/GBP,0.8525,16:00:00
2023-08-22,EUR/GBP,0.8573,16:00:00
2023-08-23,EUR/GBP,0.8559,16:00:00
2023-08-24,EUR/GBP,0.8584,16:00:00
2023-08-25,EUR/GBP,0.8541,16:00:00
2023-08-26,EUR/GBP,0.854,16:00:00
2023-08-27,EUR/GBP,0.8533,16:00:00
2023-08-28,EUR/GBP,0.8544,16:00:00
2023-08-29,EUR/GBP,0.8529,16:00:00
2023-08-30,EUR/GBP,0.8524,16:00:00
2023-08-31,EUR/GBP,0.8559,16:00:00
2023-09-01,EUR/GBP,0.8541,16:00:00
2023-09-02,EUR/GBP,0.8474,16:00:00
2023-09-03,EUR/GBP,0.8549,16:00:00
2023-09-04,EUR/GBP,0.8608,16:00:00
2023-09-05,EUR/GBP,0.8552,16:00:00
2023-09-06,EUR/GBP,0.8582,16:00:00
2023-09-07,EUR/GBP,0.8561,16:00:00
2023-09-08,EUR/GBP,0.8572,16:00:00
2023-09-09,EUR/GBP,0.8585,16:00:00
2023-09-10,EUR/GBP,0.8575,16:00:00
2023-09-11,EUR/GBP,0.8542,16:00:00
2023-09-12,EUR/GBP,0.8514,16:00:00
2023-09-13,EUR/GBP,0.8476,16:00:00
2023-09-14,EUR/GBP,0.8442,16:00:00
2023-09-15,EUR/GBP,0.8441,16:00:00
2023-09-16,EUR/GBP,0.8413,16:00:00
2023-09-17,EUR/GBP,0.8443,16:00:00
2023-09-18,EUR/GBP,0.8507,16:00:00
2023-09-19,EUR/GBP,0.8483,16:00:00
2023-09-20,EUR/GBP,0.8495,16:00:00
2023-09-21,EUR/GBP,0.8517,16:00:00
2023-09-22,EUR/GBP,0.8537,16:00:00
2023-09-23,EUR/GBP,0.8541,16:00:00
2023-09-24,EUR/GBP,0.8573,16:00:00
2023-09-25,EUR/GBP,0.8594,16:00:00
2023-09-26,EUR/GBP,0.8541,16:00:00
2023-09-27,EUR/GBP,0.8579,16:00:00
2023-09-28,EUR/GBP,0.8617,16:00:00
2023-09-29,EUR/GBP,0.8584,16:00:00
2023-09-30,EUR/GBP,0.8586,16:00:00
2023-10-01,EUR/GBP,0.8615,16:00:00
2023-10-02,EUR/GBP,0.8606,16:00:00
2023-10-03,EUR/GBP,0.8651,16:00:00
2023-10-04,EUR/GBP,0.8752,16:00:00
2023-10-05,EUR/GBP,0.8716,16:00:00
2023-10-06,EUR/GBP,0.8656,16:00:00
2023-10-07,EUR/GBP,0.8668,16:00:00
2023-10-08,EUR/GBP,0.8698,16:00:00
2023-10-09,EUR/GBP,0.8688,16:00:00
2023-10-10,EUR/GBP,0.8749,16:00:00
2023-10-11,EUR/GBP,0.869,16:00:00
2023-10-12,EUR/GBP,0.8719,16:00:00
2023-10-13,EUR/GBP,0.8691,16:00:00
2023-10-14,EUR/GBP,0.8764,16:00:00
2023-10-15,EUR/GBP,0.8849,16:00:00
2023-10-16,EUR/GBP,0.8813,16:00:00
2023-10-17,EUR/GBP,0.8787,16:00:00
2023-10-18,EUR/GBP,0.8822,16:00:00
2023-10-19,EUR/GBP,0.8803,16:00:00
2023-10-20,EUR/GBP,0.8799,16:00:00
2023-10-21,EUR/GBP,0.8798,16:00:00
2023-10-22,EUR/GBP,0.8713,16:00:00
2023-10-23,EUR/GBP,0.8711,16:00:00
2023-10-24,EUR/GBP,0.868,16:00:00
2023-10-25,EUR/GBP,0.8658,16:00:00
2023-10-26,EUR/GBP,0.872,16:00:00
2023-10-27,EUR/GBP,0.8664,16:00:00
2023-10-28,EUR/GBP,0.8698,16:00:00
2023-10-29,EUR/GBP,0.8685,16:00:00
2023-10-30,EUR/GBP,0.8672,16:00:00
2023-10-31,EUR/GBP,0.8706,16:00:00
2023-11-01,EUR/GBP,0.8719,16:00:00
2023-11-02,EUR/GBP,0.8743,16:00:00
2023-11-03,EUR/GBP,0.8783,16:00:00
2023-11-04,EUR/GBP,0.8767,16:00:00
2023-11-05,EUR/GBP,0.8739,16:00:00
2023-11-06,EUR/GBP,0.869,16:00:00
2023-11-07,EUR/GBP,0.8654,16:00:00
2023-11-08,EUR/GBP,0.878,16:00:00
2023-11-09,EUR/GBP,0.8832,16:00:00
2023-11-10,EUR/GBP,0.8771,16:00:00
2023-11-11,EUR/GBP,0.8712,16:00:00
2023-11-12,EUR/GBP,0.8731,16:00:00
2023-11-13,EUR/GBP,0.8754,16:00:00
2023-11-14,EUR/GBP,0.8776,16:00:00
2023-11-15,EUR/GBP,0.8763,16:00:00
2023-11-16,EUR/GBP,0.8756,16:00:00
2023-11-17,EUR/GBP,0.8769,16:00:00
2023-11-18,EUR/GBP,0.8771,16:00:00
2023-11-19,EUR/GBP,0.8673,16:00:00
2023-11-20,EUR/GBP,0.8662,16:00:00
2023-11-21,EUR/GBP,0.8625,16:00:00
2023-11-22,EUR/GBP,0.8632,16:00:00
2023-11-23,EUR/GBP,0.8759,16:00:00
2023-11-24,EUR/GBP,0.8774,16:00:00
2023-11-25,EUR/GBP,0.8758,16:00:00
2023-11-26,EUR/GBP,0.8797,16:00:00
2023-11-27,EUR/GBP,0.8816,16:00:00
2023-11-28,EUR/GBP,0.8832,16:00:00
2023-11-29,EUR/GBP,0.8856,16:00:00
2023-11-30,EUR/GBP,0.8944,16:00:00
2023-12-01,EUR/GBP,0.889,16:00:00
2023-12-02,EUR/GBP,0.8908,16:00:00
2023-12-03,EUR/GBP,0.8864,16:00:00
2023-12-04,EUR/GBP,0.8886,16:00:00
2023-12-05,EUR/GBP,0.8843,16:00:00
2023-12-06,EUR/GBP,0.8822,16:00:00
2023-12-07,EUR/GBP,0.8807,16:00:00
2023-12-08,EUR/GBP,0.8847,16:00:00
2023-12-09,EUR/GBP,0.8885,16:00:00
2023-12-10,EUR/GBP,0.8827,16:00:00
2023-12-11,EUR/GBP,0.8828,16:00:00
2023-12-12,EUR/GBP,0.8794,16:00:00
2023-12-13,EUR/GBP,0.8738,16:00:00
2023-12-14,EUR/GBP,0.8727,16:00:00
2023-12-15,EUR/GBP,0.8712,16:00:00
2023-12-16,EUR/GBP,0.8816,16:00:00
2023-12-17,EUR/GBP,0.8832,16:00:00
2023-12-18,EUR/GBP,0.877,16:00:00
2023-12-19,EUR/GBP,0.8744,16:00:00
2023-12-20,EUR/GBP,0.8786,16:00:00
2023-12-21,EUR/GBP,0.8875,16:00:00
2023-12-22,EUR/GBP,0.8803,16:00:00
2023-12-23,EUR/GBP,0.8719,16:00:00
2023-12-24,EUR/GBP,0.8799,16:00:00
2023-12-25,EUR/GBP,0.8814,16:00:00
2023-12-26,EUR/GBP,0.8774,16:00:00
2023-12-27,EUR/GBP,0.8795,16:00:00
2023-12-28,EUR/GBP,0.8678,16:00:00
2023-12-29,EUR/GBP,0.8678,16:00:00
2023-12-30,EUR/GBP,0.8691,16:00:00
2023-12-31,EUR/GBP,0.873,16:00:00
2023-01-01,EUR/JPY,128.3526,16:00:00
2023-01-02,EUR/JPY,128.4135,16:00:00
2023-01-03,EUR/JPY,127.8311,16:00:00
2023-01-04,EUR/JPY,128.0044,16:00:00
2023-01-05,EUR/JPY,127.447,16:00:00
2023-01-06,EUR/JPY,127.2051,16:00:00
2023-01-07,EUR/JPY,126.596,16:00:00
2023-01-08,EUR/JPY,127.0281,16:00:00
2023-01-09,EUR/JPY,127.5876,16:00:00
2023-01-10,EUR/JPY,127.4536,16:00:00
2023-01-11,EUR/JPY,127.4932,16:00:00
2023-01-12,EUR/JPY,126.594,16:00:00
2023-01-13,EUR/JPY,126.4303,16:00:00
2023-01-14,EUR/JPY,126.4246,16:00:00
2023-01-15,EUR/JPY,128.0904,16:00:00
2023-01-16,EUR/JPY,127.3945,16:00:00
2023-01-17,EUR/JPY,128.3339,16:00:00
2023-01-18,EUR/JPY,128.9738,16:00:00
2023-01-19,EUR/JPY,129.1532,16:00:00
2023-01-20,EUR/JPY,130.276,16:00:00
2023-01-21,EUR/JPY,130.5032,16:00:00
2023-01-22,EUR/JPY,130.7395,16:00:00
2023-01-23,EUR/JPY,130.6878,16:00:00
2023-01-24,EUR/JPY,131.4624,16:00:00
2023-01-25,EUR/JPY,132.1513,16:00:00
2023-01-26,EUR/JPY,131.7105,16:00:00
2023-01-27,EUR/JPY,130.8233,16:00:00
2023-01-28,EUR/JPY,130.6736,16:00:00
2023-01-29,EUR/JPY,130.1394,16:00:00
2023-01-30,EUR/JPY,130.0871,16:00:00
2023-01-31,EUR/JPY,130.873,16:00:00
2023-02-01,EUR/JPY,130.558,16:00:00
2023-02-02,EUR/JPY,130.5148,16:00:00
2023-02-03,EUR/JPY,130.5371,16:00:00
2023-02-04,EUR/JPY,131.07,16:00:00
2023-02-05,EUR/JPY,129.5915,16:00:00
2023-02-06,EUR/JPY,129.1964,16:00:00
2023-02-07,EUR/JPY,129.3296,16:00:00
2023-02-08,EUR/JPY,130.0945,16:00:00
2023-02-09,EUR/JPY,129.7668,16:00:00
2023-02-10,EUR/JPY,128.5537,16:00:00
2023-02-11,EUR/JPY,128.9526,16:00:00
2023-02-12,EUR/JPY,128.5475,16:00:00
2023-02-13,EUR/JPY,127.795,16:00:00
2023-02-14,EUR/JPY,127.4121,16:00:00
2023-02-15,EUR/JPY,127.3116,16:00:00
2023-02-16,EUR/JPY,126.9474,16:00:00
2023-02-17,EUR/JPY,125.5819,16:00:00
2023-02-18,EUR/JPY,126.1738,16:00:00
2023-02-19,EUR/JPY,126.9983,16:00:00
2023-02-20,EUR/JPY,127.4279,16:00:00
2023-02-21,EUR/JPY,126.726,16:00:00
2023-02-22,EUR/JPY,126.6223,16:00:00
2023-02-23,EUR/JPY,126.642,16:00:00
2023-02-24,EUR/JPY,127.041,16:00:00
2023-02-25,EUR/JPY,127.4808,16:00:00
2023-02-26,EUR/JPY,127.0327,16:00:00
2023-02-27,EUR/JPY,127.104,16:00:00
2023-02-28,EUR/JPY,127.4106,16:00:00
2023-03-01,EUR/JPY,128.3447,16:00:00
2023-03-02,EUR/JPY,128.7988,16:00:00
2023-03-03,EUR/JPY,129.3039,16:00:00
2023-03-04,EUR/JPY,129.3545,16:00:00
2023-03-05,EUR/JPY,130.2541,16:00:00
2023-03-06,EUR/JPY,130.5058,16:00:00
2023-03-07,EUR/JPY,129.9344,16:00:00
2023-03-08,EUR/JPY,130.8277,16:00:00
2023-03-09,EUR/JPY,131.2614,16:00:00
2023-03-10,EUR/JPY,130.9509,16:00:00
2023-03-11,EUR/JPY,130.6206,16:00:00
2023-03-12,EUR/JPY,130.7961,16:00:00
2023-03-13,EUR/JPY,131.0781,16:00:00
2023-03-14,EUR/JPY,131.1853,16:00:00
2023-03-15,EUR/JPY,131.3656,16:00:00
2023-03-16,EUR/JPY,132.4473,16:00:00
2023-03-17,EUR/JPY,133.1154,16:00:00
2023-03-18,EUR/JPY,133.1999,16:00:00
2023-03-19,EUR/JPY,133.7785,16:00:00
2023-03-20,EUR/JPY,133.047,16:00:00
2023-03-21,EUR/JPY,133.2686,16:00:00
2023-03-22,EUR/JPY,134.4194,16:00:00
2023-03-23,EUR/JPY,134.2202,16:00:00
2023-03-24,EUR/JPY,133.6048,16:00:00
2023-03-25,EUR/JPY,133.1275,16:00:00
2023-03-26,EUR/JPY,132.3682,16:00:00
2023-03-27,EUR/JPY,131.8203,16:00:00
2023-03-28,EUR/JPY,131.5503,16:00:00
2023-03-29,EUR/JPY,130.6096,16:00:00
2023-03-30,EUR/JPY,130.6036,16:00:00
2023-03-31,EUR/JPY,131.1708,16:00:00
2023-04-01,EUR/JPY,130.5597,16:00:00
2023-04-02,EUR/JPY,131.526,16:00:00
2023-04-03,EUR/JPY,131.8333,16:00:00
2023-04-04,EUR/JPY,132.4775,16:00:00
2023-04-05,EUR/JPY,132.0113,16:00:00
2023-04-06,EUR/JPY,132.5396,16:00:00
2023-04-07,EUR/JPY,131.7878,16:00:00
2023-04-08,EUR/JPY,132.3407,16:00:00
2023-04-09,EUR/JPY,132.4199,16:00:00
2023-04-10,EUR/JPY,132.7483,16:00:00
2023-04-11,EUR/JPY,131.9383,16:00:00
2023-04-12,EUR/JPY,131.3244,16:00:00
2023-04-13,EUR/JPY,131.6894,16:00:00
2023-04-14,EUR/JPY,131.0443,16:00:00
2023-04-15,EUR/JPY,131.3243,16:00:00
2023-04-16,EUR/JPY,130.4124,16:00:00
2023-04-17,EUR/JPY,130.9458,16:00:00
2023-04-18,EUR/JPY,130.1274,16:00:00
2023-04-19,EUR/JPY,130.4719,16:00:00
2023-04-20,EUR/JPY,130.8612,16:00:00
2023-04-21,EUR/JPY,130.3913,16:00:00
2023-04-22,EUR/JPY,130.753,16:00:00
2023-04-23,EUR/JPY,130.9041,16:00:00
2023-04-24,EUR/JPY,130.5359,16:00:00
2023-04-25,EUR/JPY,129.8688,16:00:00
2023-04-26,EUR/JPY,128.5985,16:00:00
2023-04-27,EUR/JPY,128.8251,16:00:00
2023-04-28,EUR/JPY,127.829,16:00:00
2023-04-29,EUR/JPY,127.901,16:00:00
2023-04-30,EUR/JPY,127.7452,16:00:00
2023-05-01,EUR/JPY,128.1872,16:00:00
2023-05-02,EUR/JPY,128.0037,16:00:00
2023-05-03,EUR/JPY,127.8049,16:00:00
2023-05-04,EUR/JPY,128.2798,16:00:00
2023-05-05,EUR/JPY,128.4998,16:00:00
2023-05-06,EUR/JPY,128.7059,16:00:00
2023-05-07,EUR/JPY,129.0078,16:00:00
2023-05-08,EUR/JPY,128.0271,16:00:00
2023-05-09,EUR/JPY,128.5165,16:00:00
2023-05-10,EUR/JPY,128.9109,16:00:00
2023-05-11,EUR/JPY,128.2631,16:00:00
2023-05-12,EUR/JPY,128.1155,16:00:00
2023-05-13,EUR/JPY,128.0994,16:00:00
2023-05-14,EUR/JPY,128.0231,16:00:00
2023-05-15,EUR/JPY,128.2444,16:00:00
2023-05-16,EUR/JPY,129.1606,16:00:00
2023-05-17,EUR/JPY,129.8507,16:00:00
2023-05-18,EUR/JPY,128.9987,16:00:00
2023-05-19,EUR/JPY,129.3959,16:00:00
2023-05-20,EUR/JPY,130.2432,16:00:00
2023-05-21,EUR/JPY,130.4801,16:00:00
2023-05-22,EUR/JPY,131.17,16:00:00
2023-05-23,EUR/JPY,132.4548,16:00:00
2023-05-24,EUR/JPY,133.0915,16:00:00
2023-05-25,EUR/JPY,133.2148,16:00:00
2023-05-26,EUR/JPY,133.8618,16:00:00
2023-05-27,EUR/JPY,133.9092,16:00:00
2023-05-28,EUR/JPY,133.8759,16:00:00
2023-05-29,EUR/JPY,133.5943,16:00:00
2023-05-30,EUR/JPY,134.5822,16:00:00
2023-05-31,EUR/JPY,133.9812,16:00:00
2023-06-01,EUR/JPY,134.9476,16:00:00
2023-06-02,EUR/JPY,135.2221,16:00:00
2023-06-03,EUR/JPY,134.2232,16:00:00
2023-06-04,EUR/JPY,134.4153,16:00:00
2023-06-05,EUR/JPY,132.9638,16:00:00
2023-06-06,EUR/JPY,133.3359,16:00:00
2023-06-07,EUR/JPY,133.8768,16:00:00
2023-06-08,EUR/JPY,133.4355,16:00:00
2023-06-09,EUR/JPY,133.4727,16:00:00
2023-06-10,EUR/JPY,134.7191,16:00:00
2023-06-11,EUR/JPY,134.3246,16:00:00
2023-06-12,EUR/JPY,133.5673,16:00:00
2023-06-13,EUR/JPY,134.5013,16:00:00
2023-06-14,EUR/JPY,135.7529,16:00:00
2023-06-15,EUR/JPY,135.6879,16:00:00
2023-06-16,EUR/JPY,136.3003,16:00:00
2023-06-17,EUR/JPY,137.1324,16:00:00
2023-06-18,EUR/JPY,136.5471,16:00:00
2023-06-19,EUR/JPY,136.1436,16:00:00
2023-06-20,EUR/JPY,136.9016,16:00:00
2023-06-21,EUR/JPY,137.9645,16:00:00
2023-06-22,EUR/JPY,138.2593,16:00:00
2023-06-23,EUR/JPY,137.5645,16:00:00
2023-06-24,EUR/JPY,138.832,16:00:00
2023-06-25,EUR/JPY,138.3688,16:00:00
2023-06-26,EUR/JPY,138.0455,16:00:00
2023-06-27,EUR/JPY,138.189,16:00:00
2023-06-28,EUR/JPY,139.1602,16:00:00
2023-06-29,EUR/JPY,139.6469,16:00:00
2023-06-30,EUR/JPY,139.8272,16:00:00
2023-07-01,EUR/JPY,140.0396,16:00:00
2023-07-02,EUR/JPY,139.9593,16:00:00
2023-07-03,EUR/JPY,140.2364,16:00:00
2023-07-04,EUR/JPY,138.3681,16:00:00
2023-07-05,EUR/JPY,138.0713,16:00:00
2023-07-06,EUR/JPY,138.1455,16:00:00
2023-07-07,EUR/JPY,137.267,16:00:00
2023-07-08,EUR/JPY,137.4468,16:00:00
2023-07-09,EUR/JPY,137.2232,16:00:00
2023-07-10,EUR/JPY,138.3334,16:00:00
2023-07-11,EUR/JPY,139.3172,16:00:00
2023-07-12,EUR/JPY,138.8928,16:00:00
2023-07-13,EUR/JPY,138.6901,16:00:00
2023-07-14,EUR/JPY,138.5425,16:00:00
2023-07-15,EUR/JPY,138.1373,16:00:00
2023-07-16,EUR/JPY,138.1793,16:00:00
2023-07-17,EUR/JPY,137.5688,16:00:00
2023-07-18,EUR/JPY,136.7132,16:00:00
2023-07-19,EUR/JPY,137.0575,16:00:00
2023-07-20,EUR/JPY,137.404,16:00:00
2023-07-21,EUR/JPY,136.7729,16:00:00
2023-07-22,EUR/JPY,137.3014,16:00:00
2023-07-23,EUR/JPY,136.7891,16:00:00
2023-07-24,EUR/JPY,136.8827,16:00:00
2023-07-25,EUR/JPY,137.3597,16:00:00
2023-07-26,EUR/JPY,137.2532,16:00:00
2023-07-27,EUR/JPY,137.4796,16:00:00
2023-07-28,EUR/JPY,137.0434,16:00:00
2023-07-29,EUR/JPY,136.8297,16:00:00
2023-07-30,EUR/JPY,136.612,16:00:00
2023-07-31,EUR/JPY,136.031,16:00:00
2023-08-01,EUR/JPY,135.8416,16:00:00
2023-08-02,EUR/JPY,134.7319,16:00:00
2023-08-03,EUR/JPY,134.347,16:00:00
2023-08-04,EUR/JPY,134.1041,16:00:00
2023-08-05,EUR/JPY,133.883,16:00:00
2023-08-06,EUR/JPY,133.6741,16:00:00
2023-08-07,EUR/JPY,133.5865,16:00:00
2023-08-08,EUR/JPY,133.8577,16:00:00
2023-08-09,EUR/JPY,134.3886,16:00:00
2023-08-10,EUR/JPY,133.9024,16:00:00
2023-08-11,EUR/JPY,133.0559,16:00:00
2023-08-12,EUR/JPY,132.329,16:00:00
2023-08-13,EUR/JPY,131.9766,16:00:00
2023-08-14,EUR/JPY,131.7169,16:00:00
2023-08-15,EUR/JPY,131.1877,16:00:00
2023-08-16,EUR/JPY,130.3242,16:00:00
2023-08-17,EUR/JPY,130.0167,16:00:00
2023-08-18,EUR/JPY,130.1233,16:00:00
2023-08-19,EUR/JPY,130.4953,16:00:00
2023-08-20,EUR/JPY,130.1203,16:00:00
2023-08-21,EUR/JPY,129.8431,16:00:00
2023-08-22,EUR/JPY,129.2391,16:00:00
2023-08-23,EUR/JPY,129.2166,16:00:00
2023-08-24,EUR/JPY,128.6717,16:00:00
2023-08-25,EUR/JPY,129.04,16:00:00
2023-08-26,EUR/JPY,127.8989,16:00:00
2023-08-27,EUR/JPY,127.6822,16:00:00
2023-08-28,EUR/JPY,127.8857,16:00:00
2023-08-29,EUR/JPY,128.0132,16:00:00
2023-08-30,EUR/JPY,129.7296,16:00:00
2023-08-31,EUR/JPY,129.9469,16:00:00
2023-09-01,EUR/JPY,129.2916,16:00:00
2023-09-02,EUR/JPY,129.2276,16:00:00
2023-09-03,EUR/JPY,128.0891,16:00:00
2023-09-04,EUR/JPY,128.0471,16:00:00
2023-09-05,EUR/JPY,127.5286,16:00:00
2023-09-06,EUR/JPY,128.1212,16:00:00
2023-09-07,EUR/JPY,127.7815,16:00:00
2023-09-08,EUR/JPY,127.7198,16:00:00
2023-09-09,EUR/JPY,127.3308,16:00:00
2023-09-10,EUR/JPY,128.4435,16:00:00
2023-09-11,EUR/JPY,128.2448,16:00:00
2023-09-12,EUR/JPY,129.4157,16:00:00
2023-09-13,EUR/JPY,129.933,16:00:00
2023-09-14,EUR/JPY,130.2338,16:00:00
2023-09-15,EUR/JPY,130.4591,16:00:00
2023-09-16,EUR/JPY,130.6988,16:00:00
2023-09-17,EUR/JPY,129.4347,16:00:00
2023-09-18,EUR/JPY,129.2517,16:00:00
2023-09-19,EUR/JPY,129.7899,16:00:00
2023-09-20,EUR/JPY,129.7506,16:00:00
2023-09-21,EUR/JPY,128.8406,16:00:00
2023-09-22,EUR/JPY,128.8088,16:00:00
2023-09-23,EUR/JPY,129.8972,16:00:00
2023-09-24,EUR/JPY,130.69,16:00:00
2023-09-25,EUR/JPY,130.633,16:00:00
2023-09-26,EUR/JPY,131.2319,16:00:00
2023-09-27,EUR/JPY,130.9715,16:00:00
2023-09-28,EUR/JPY,129.8471,16:00:00
2023-09-29,EUR/JPY,129.2445,16:00:00
2023-09-30,EUR/JPY,130.2419,16:00:00
2023-10-01,EUR/JPY,130.0528,16:00:00
2023-10-02,EUR/JPY,129.8856,16:00:00
2023-10-03,EUR/JPY,129.684,16:00:00
2023-10-04,EUR/JPY,130.8995,16:00:00
2023-10-05,EUR/JPY,131.934,16:00:00
2023-10-06,EUR/JPY,133.3537,16:00:00
2023-10-07,EUR/JPY,133.2052,16:00:00
2023-10-08,EUR/JPY,133.3581,16:00:00
2023-10-09,EUR/JPY,132.3133,16:00:00
2023-10-10,EUR/JPY,133.2475,16:00:00
2023-10-11,EUR/JPY,132.4348,16:00:00
2023-10-12,EUR/JPY,132.5426,16:00:00
2023-10-13,EUR/JPY,131.7872,16:00:00
2023-10-14,EUR/JPY,131.3752,16:00:00
2023-10-15,EUR/JPY,130.807,16:00:00
2023-10-16,EUR/JPY,130.3953,16:00:00
2023-10-17,EUR/JPY,130.0334,16:00:00
2023-10-18,EUR/JPY,129.6701,16:00:00
2023-10-19,EUR/JPY,130.1983,16:00:00
2023-10-20,EUR/JPY,129.4743,16:00:00
2023-10-21,EUR/JPY,129.6109,16:00:00
2023-10-22,EUR/JPY,130.3862,16:00:00
2023-10-23,EUR/JPY,130.0411,16:00:00
2023-10-24,EUR/JPY,129.5685,16:00:00
2023-10-25,EUR/JPY,129.415,16:00:00
2023-10-26,EUR/JPY,130.1666,16:00:00
2023-10-27,EUR/JPY,130.28,16:00:00
2023-10-28,EUR/JPY,129.9246,16:00:00
2023-10-29,EUR/JPY,130.2266,16:00:00
2023-10-30,EUR/JPY,129.5038,16:00:00
2023-10-31,EUR/JPY,129.9355,16:00:00
2023-11-01,EUR/JPY,130.1889,16:00:00
2023-11-02,EUR/JPY,129.9787,16:00:00
2023-11-03,EUR/JPY,129.4294,16:00:00
2023-11-04,EUR/JPY,128.857,16:00:00
2023-11-05,EUR/JPY,129.1996,16:00:00
2023-11-06,EUR/JPY,129.9835,16:00:00
2023-11-07,EUR/JPY,129.5637,16:00:00
2023-11-08,EUR/JPY,129.852,16:00:00
2023-11-09,EUR/JPY,128.502,16:00:00
2023-11-10,EUR/JPY,128.1351,16:00:00
2023-11-11,EUR/JPY,128.1241,16:00:00
2023-11-12,EUR/JPY,127.5559,16:00:00
2023-11-13,EUR/JPY,126.979,16:00:00
2023-11-14,EUR/JPY,126.5795,16:00:00
2023-11-15,EUR/JPY,126.7868,16:00:00
2023-11-16,EUR/JPY,126.6913,16:00:00
2023-11-17,EUR/JPY,125.3108,16:00:00
2023-11-18,EUR/JPY,124.0322,16:00:00
2023-11-19,EUR/JPY,123.7093,16:00:00
2023-11-20,EUR/JPY,124.0425,16:00:00
2023-11-21,EUR/JPY,122.4051,16:00:00
2023-11-22,EUR/JPY,122.1682,16:00:00
2023-11-23,EUR/JPY,121.9183,16:00:00
2023-11-24,EUR/JPY,122.827,16:00:00
2023-11-25,EUR/JPY,122.6546,16:00:00
2023-11-26,EUR/JPY,122.9506,16:00:00
2023-11-27,EUR/JPY,123.0971,16:00:00
2023-11-28,EUR/JPY,121.8579,16:00:00
2023-11-29,EUR/JPY,122.3927,16:00:00
2023-11-30,EUR/JPY,122.5893,16:00:00
2023-12-01,EUR/JPY,122.9618,16:00:00
2023-12-02,EUR/JPY,125.4119,16:00:00
2023-12-03,EUR/JPY,124.154,16:00:00
2023-12-04,EUR/JPY,125.2624,16:00:00
2023-12-05,EUR/JPY,125.1215,16:00:00
2023-12-06,EUR/JPY,125.3383,16:00:00
2023-12-07,EUR/JPY,125.3467,16:00:00
2023-12-08,EUR/JPY,125.12,16:00:00
2023-12-09,EUR/JPY,124.8059,16:00:00
2023-12-10,EUR/JPY,125.0514,16:00:00
2023-12-11,EUR/JPY,124.1517,16:00:00
2023-12-12,EUR/JPY,124.6615,16:00:00
2023-12-13,EUR/JPY,124.448,16:00:00
2023-12-14,EUR/JPY,123.7974,16:00:00
2023-12-15,EUR/JPY,123.5737,16:00:00
2023-12-16,EUR/JPY,124.3969,16:00:00
2023-12-17,EUR/JPY,124.1133,16:00:00
2023-12-18,EUR/JPY,124.3824,16:00:00
2023-12-19,EUR/JPY,123.9785,16:00:00
2023-12-20,EUR/JPY,124.4939,16:00:00
2023-12-21,EUR/JPY,124.9614,16:00:00
2023-12-22,EUR/JPY,126.1452,16:00:00
2023-12-23,EUR/JPY,126.0641,16:00:00
2023-12-24,EUR/JPY,126.5108,16:00:00
2023-12-25,EUR/JPY,126.5971,16:00:00
2023-12-26,EUR/JPY,127.4332,16:00:00
2023-12-27,EUR/JPY,126.9954,16:00:00
2023-12-28,EUR/JPY,127.4838,16:00:00
2023-12-29,EUR/JPY,127.3761,16:00:00
2023-12-30,EUR/JPY,127.3518,16:00:00
2023-12-31,EUR/JPY,127.4262,16:00:00
